-- phpMyAdmin SQL Dump
-- version 4.5.1
-- http://www.phpmyadmin.net
--
-- Servidor: 127.0.0.1
-- Tiempo de generación: 06-03-2016 a las 03:51:22
-- Versión del servidor: 10.1.9-MariaDB
-- Versión de PHP: 5.6.15

SET SQL_MODE = "NO_AUTO_VALUE_ON_ZERO";
SET time_zone = "+00:00";


/*!40101 SET @OLD_CHARACTER_SET_CLIENT=@@CHARACTER_SET_CLIENT */;
/*!40101 SET @OLD_CHARACTER_SET_RESULTS=@@CHARACTER_SET_RESULTS */;
/*!40101 SET @OLD_COLLATION_CONNECTION=@@COLLATION_CONNECTION */;
/*!40101 SET NAMES utf8mb4 */;

--
-- Base de datos: `turnobd`
--
CREATE DATABASE IF NOT EXISTS `turnobd` DEFAULT CHARACTER SET latin1 COLLATE latin1_swedish_ci;
USE `turnobd`;

-- --------------------------------------------------------

--
-- Estructura de tabla para la tabla `calificacion`
--

CREATE TABLE `calificacion` (
  `id` int(10) UNSIGNED NOT NULL,
  `idTurno` int(10) UNSIGNED NOT NULL,
  `calificacion` tinyint(3) UNSIGNED NOT NULL,
  `comentario` varchar(128) DEFAULT NULL,
  `estado` enum('ACTIVO','INACTIVO') NOT NULL
) ENGINE=InnoDB DEFAULT CHARSET=latin1;

-- --------------------------------------------------------

--
-- Estructura de tabla para la tabla `calificacioncliente`
--

CREATE TABLE `calificacioncliente` (
  `id` int(10) UNSIGNED NOT NULL,
  `idCliente` int(10) UNSIGNED NOT NULL,
  `idEmpleado` int(10) UNSIGNED NOT NULL,
  `calificacion` int(10) UNSIGNED NOT NULL,
  `fecha` datetime NOT NULL DEFAULT CURRENT_TIMESTAMP
) ENGINE=InnoDB DEFAULT CHARSET=latin1;

--
-- Volcado de datos para la tabla `calificacioncliente`
--

INSERT INTO `calificacioncliente` (`id`, `idCliente`, `idEmpleado`, `calificacion`, `fecha`) VALUES
(2, 4, 56, 4, '2016-03-05 19:47:41'),
(3, 2, 56, 4, '2016-03-05 19:48:41'),
(4, 2, 56, 1, '2016-03-05 20:00:06'),
(5, 6, 56, 2, '2016-03-05 20:00:55'),
(6, 4, 56, 4, '2016-03-05 20:01:08'),
(7, 8, 56, 4, '2016-03-05 20:03:05'),
(8, 4, 56, 5, '2016-03-05 20:06:16');

-- --------------------------------------------------------

--
-- Estructura de tabla para la tabla `cliente`
--

CREATE TABLE `cliente` (
  `id` int(10) UNSIGNED NOT NULL,
  `email` varchar(50) NOT NULL,
  `nombres` varchar(30) NOT NULL,
  `apellidos` varchar(30) NOT NULL,
  `telefono` varchar(10) DEFAULT NULL,
  `pass` varchar(50) NOT NULL,
  `idPush` varchar(200) DEFAULT NULL,
  `idFace` varchar(200) DEFAULT NULL,
  `estado` enum('ACTIVO','INACTIVO') NOT NULL
) ENGINE=InnoDB DEFAULT CHARSET=latin1;

--
-- Volcado de datos para la tabla `cliente`
--

INSERT INTO `cliente` (`id`, `email`, `nombres`, `apellidos`, `telefono`, `pass`, `idPush`, `idFace`, `estado`) VALUES
(1, 'fandresoja@gmail.com', 'fabio andres', 'rojas gulloso', '3008388', '223bb78da41f44447ff0ad216d5a49d6b0f1c366', '01', '01', 'ACTIVO'),
(2, 'giocni@gmail.com', 'Gilmar', 'Ocampo Nieves', '', 'a3be0466979911942630a62fb05aa9623b1d68d8', '01', '01', 'ACTIVO'),
(3, 'prueba@gmail.com', 'prueba', 'prueba', '', '91c031127a6d5333c512da3bf3c1a9eb54300ec4', '01', '01', 'ACTIVO'),
(4, 'tazedwin@gmail.com', 'edwin', 'Díaz', '3008982322', '40bd001563085fc35165329ea1ff5c5ecbdbbeef', '01', '01', 'ACTIVO'),
(5, 'fabio@gmail.com', 'fabio andres', 'rojas gulloso', '3001234567', '40bd001563085fc35165329ea1ff5c5ecbdbbeef', '01', '01', 'ACTIVO'),
(6, 'pepe@pep.com', 'pepe', 'mojica', '', '29caeaffce8c030bdae13f5be31d0359a10aecf1', '01', '01', 'ACTIVO'),
(7, 'ahhah', 'andres', 'pedro', '', 'a1ee6b12376ddce22796734d2d9ae6d3c14bd3c9', '01', '01', 'ACTIVO'),
(8, 'prueba', 'pppppp', 'ppppppp', '', '711383a59fda05336fd2ccf70c8059d1523eb41a', '01', '01', 'ACTIVO');

-- --------------------------------------------------------

--
-- Estructura de tabla para la tabla `departamento`
--

CREATE TABLE `departamento` (
  `id` int(10) UNSIGNED NOT NULL,
  `nombre` varchar(30) NOT NULL,
  `estado` enum('ACTIVO','INACTIVO') NOT NULL
) ENGINE=InnoDB DEFAULT CHARSET=latin1;

--
-- Volcado de datos para la tabla `departamento`
--

INSERT INTO `departamento` (`id`, `nombre`, `estado`) VALUES
(1, 'AMAZONAS', 'ACTIVO'),
(2, 'ANTIOQUIA', 'ACTIVO'),
(3, 'ARAUCA', 'ACTIVO'),
(4, 'ATLÁNTICO', 'ACTIVO'),
(5, 'BOLÍVAR', 'ACTIVO'),
(6, 'BOYACÁ', 'ACTIVO'),
(7, 'CALDAS', 'ACTIVO'),
(8, 'CAQUETÁ', 'ACTIVO'),
(9, 'CASANARE', 'ACTIVO'),
(10, 'CAUCA', 'ACTIVO'),
(11, 'CESAR', 'ACTIVO'),
(12, 'CHOCÓ', 'ACTIVO'),
(13, 'CÓRDOBA', 'ACTIVO'),
(14, 'CUNDINAMARCA', 'ACTIVO'),
(15, 'GUAINÍA', 'ACTIVO'),
(16, 'GUAVIARE', 'ACTIVO'),
(17, 'HUILA', 'ACTIVO'),
(18, 'LA GUAJIRA', 'ACTIVO'),
(19, 'MAGDALENA', 'ACTIVO'),
(20, 'META', 'ACTIVO'),
(21, 'NARIÑO', 'ACTIVO'),
(22, 'NORTE DE SANTANDER', 'ACTIVO'),
(23, 'PUTUMAYO', 'ACTIVO'),
(24, 'QUINDÍO', 'ACTIVO'),
(25, 'RISARALDA', 'ACTIVO'),
(26, 'SAN ANDRÉS Y ROVIDENCIA', 'ACTIVO'),
(27, 'SANTANDER', 'ACTIVO'),
(28, 'SUCRE', 'ACTIVO'),
(29, 'TOLIMA', 'ACTIVO'),
(30, 'VALLE DEL CAUCA', 'ACTIVO'),
(31, 'VAUPÉS', 'ACTIVO'),
(32, 'VICHADA', 'ACTIVO');

-- --------------------------------------------------------

--
-- Estructura de tabla para la tabla `empleado`
--

CREATE TABLE `empleado` (
  `id` int(10) UNSIGNED NOT NULL,
  `idSucursal` int(10) UNSIGNED DEFAULT NULL,
  `idEmpresa` int(10) UNSIGNED DEFAULT NULL,
  `idPerfil` int(11) NOT NULL,
  `identificacion` varchar(12) NOT NULL,
  `email` varchar(30) DEFAULT NULL,
  `nombres` varchar(30) NOT NULL,
  `apellidos` varchar(30) NOT NULL,
  `telefono` varchar(12) DEFAULT NULL,
  `pass` varchar(50) NOT NULL,
  `idPush` varchar(100) DEFAULT NULL,
  `estado` enum('ACTIVO','INACTIVO') NOT NULL,
  `estadoOnline` enum('ACTIVO','INACTIVO') NOT NULL
) ENGINE=InnoDB DEFAULT CHARSET=latin1;

--
-- Volcado de datos para la tabla `empleado`
--

INSERT INTO `empleado` (`id`, `idSucursal`, `idEmpresa`, `idPerfil`, `identificacion`, `email`, `nombres`, `apellidos`, `telefono`, `pass`, `idPush`, `estado`, `estadoOnline`) VALUES
(2, NULL, NULL, 1, '1065622719', 'fandresroja@gmail.com', 'Elsy Maria', 'Gomez Gomez', NULL, '5dd634422d39c48f29b9f2b50aa068d51aef2ea7', NULL, 'ACTIVO', 'ACTIVO'),
(16, NULL, 43, 3, '106572920', 'fandresrojas@outlook.com', 'Fabio Andres', 'Rojas', '30038388', '5dd634422d39c48f29b9f2b50aa068d51aef2ea7', NULL, 'ACTIVO', 'ACTIVO'),
(17, 5, NULL, 2, '1065650321', 'giocni@gmail.com', 'Gilmar Jose', 'Ocampo Nieves', '322030838', '40bd001563085fc35165329ea1ff5c5ecbdbbeef', 'APA91bHv-oMRs9T1Vv8bXnz9guTN8A1peWyXjjEPyPm-qlxQABWJpEQup-0GffGyMTidTdoUWilL8bFiQtyQ4AmpgPdghKnkSOgO', 'ACTIVO', 'INACTIVO'),
(22, 9, NULL, 4, '12083832', 'junior@gmail.com', 'Junior', 'Ocampo', '30048833', '9009337cf16333f07109b593405cf7552ed8059a', NULL, 'ACTIVO', 'ACTIVO'),
(28, 5, NULL, 2, '10653663', 'oswaldo@gmail.com', 'Oswaldo Andres', 'Rojas', '3203993', 'f49607523593ca7bf3fe042098ff1263907a29e6', NULL, 'ACTIVO', 'INACTIVO'),
(51, NULL, 67, 3, '108837746', 'jeison@gmail.com', 'Jeison', 'Mandon', '30028383', 'b62e8aa3b876befec60319f4b63bf3f187ef0e69', NULL, 'ACTIVO', 'ACTIVO'),
(52, 5, NULL, 4, '1076635', 'pacho@gmail.com', 'Pacho', 'imenez', '30028838', '40bd001563085fc35165329ea1ff5c5ecbdbbeef', 'APA91bEiXMbd-69LQSFm3bMJMnC7ZE1nWmGAT9j3cli9lgbkbZfpzMLSEW95wwPtOjXcheuFxSfBN2lwRqgTn4E3Ky0g7wp996ts', 'ACTIVO', 'ACTIVO'),
(53, NULL, 68, 3, '1082838383', 'jose@gmail.com', 'Jose', 'Perez', '(309) 983-88', '7110eda4d09e062aa5e4a390b0a572ac0d2c0220', NULL, 'ACTIVO', 'ACTIVO'),
(54, NULL, 69, 3, '1028388333', 'biblo@jjss', 'biblos', 'admin', '(393) 900-30', '7110eda4d09e062aa5e4a390b0a572ac0d2c0220', NULL, 'INACTIVO', 'ACTIVO'),
(55, 11, NULL, 4, '1065123321', 'fandresroja@gmail.com', 'Fabio', 'Rojas', '(213) 231-23', '7110eda4d09e062aa5e4a390b0a572ac0d2c0220', NULL, 'ACTIVO', 'ACTIVO'),
(56, 11, NULL, 2, '1065000000', 'gio', 'gilmar', 'Ocampo', '(322) 131-23', '7110eda4d09e062aa5e4a390b0a572ac0d2c0220', 'APA91bHv-oMRs9T1Vv8bXnz9guTN8A1peWyXjjEPyPm-qlxQABWJpEQup-0GffGyMTidTdoUWilL8bFiQtyQ4AmpgPdghKnkSOgO', 'ACTIVO', 'ACTIVO');

-- --------------------------------------------------------

--
-- Estructura de tabla para la tabla `empresa`
--

CREATE TABLE `empresa` (
  `id` int(10) UNSIGNED NOT NULL,
  `nit` varchar(15) NOT NULL,
  `razonSocial` varchar(50) NOT NULL,
  `email` varchar(40) DEFAULT NULL,
  `telefono` varchar(12) NOT NULL,
  `contacto` varchar(30) DEFAULT NULL,
  `promedio` tinyint(3) UNSIGNED NOT NULL,
  `logo` varchar(50) DEFAULT NULL,
  `estado` enum('ACTIVO','INACTIVO') NOT NULL,
  `pass` varchar(50) NOT NULL
) ENGINE=InnoDB DEFAULT CHARSET=latin1;

--
-- Volcado de datos para la tabla `empresa`
--

INSERT INTO `empresa` (`id`, `nit`, `razonSocial`, `email`, `telefono`, `contacto`, `promedio`, `logo`, `estado`, `pass`) VALUES
(43, '10677385', 'El fortin', 'fortin@gmail.com', '3203094', 'Fabio', 3, '/imagenes/empresa_43.jpg', 'ACTIVO', '5dd634422d39c48f29b9f2b50aa068d51aef2ea7'),
(67, '108747', 'Peluquria 9a', 'pelu@gmail.com', '3002388', 'Jeison', 3, '/imagenes/empresa_67.jpg', 'ACTIVO', 'b62e8aa3b876befec60319f4b63bf3f187ef0e69'),
(68, '1283 838-747', 'Biblos car wash', 'car@gmail.com', '(302) 939-39', 'Jose', 3, NULL, 'ACTIVO', '7110eda4d09e062aa5e4a390b0a572ac0d2c0220'),
(69, '1233 432-342', 'Biblos', 'dasd', '(432) 423-42', 'biblos', 3, '/imagenes/empresa_69.png', 'INACTIVO', '7110eda4d09e062aa5e4a390b0a572ac0d2c0220');

-- --------------------------------------------------------

--
-- Estructura de tabla para la tabla `estadoturno`
--

CREATE TABLE `estadoturno` (
  `id` int(10) UNSIGNED NOT NULL,
  `nombre` varchar(15) NOT NULL,
  `estado` enum('ACTIVO','INACTIVO') NOT NULL
) ENGINE=InnoDB DEFAULT CHARSET=latin1;

-- --------------------------------------------------------

--
-- Estructura de tabla para la tabla `modulos`
--

CREATE TABLE `modulos` (
  `id` int(11) NOT NULL,
  `nombre` varchar(40) NOT NULL
) ENGINE=InnoDB DEFAULT CHARSET=latin1;

--
-- Volcado de datos para la tabla `modulos`
--

INSERT INTO `modulos` (`id`, `nombre`) VALUES
(1, 'EMPRESAS'),
(2, 'SUCURSALES'),
(3, 'SECTOR'),
(4, 'EMPLEADOS'),
(5, 'SERVICIOS');

-- --------------------------------------------------------

--
-- Estructura de tabla para la tabla `municipio`
--

CREATE TABLE `municipio` (
  `id` int(10) UNSIGNED NOT NULL,
  `idDepartamento` int(10) UNSIGNED NOT NULL,
  `nombre` varchar(30) NOT NULL,
  `estado` enum('ACTIVO','INACTIVO') NOT NULL
) ENGINE=InnoDB DEFAULT CHARSET=latin1;

--
-- Volcado de datos para la tabla `municipio`
--

INSERT INTO `municipio` (`id`, `idDepartamento`, `nombre`, `estado`) VALUES
(1, 1, 'EL ENCANTO', 'ACTIVO'),
(2, 1, 'LA CHORRERA', 'ACTIVO'),
(3, 1, 'LA PEDRERA', 'ACTIVO'),
(4, 1, 'LA VICTORIA', 'ACTIVO'),
(5, 1, 'LETICIA', 'ACTIVO'),
(6, 1, 'MIRITI', 'ACTIVO'),
(7, 1, 'PUERTO ALEGRIA', 'ACTIVO'),
(8, 1, 'PUERTO ARICA', 'ACTIVO'),
(9, 1, 'PUERTO NARIÑO', 'ACTIVO'),
(10, 1, 'PUERTO SANTANDER', 'ACTIVO'),
(11, 1, 'TURAPACA', 'ACTIVO'),
(12, 2, 'ABEJORRAL', 'ACTIVO'),
(13, 2, 'ABRIAQUI', 'ACTIVO'),
(14, 2, 'ALEJANDRIA', 'ACTIVO'),
(15, 2, 'AMAGA', 'ACTIVO'),
(16, 2, 'AMALFI', 'ACTIVO'),
(17, 2, 'ANDES', 'ACTIVO'),
(18, 2, 'ANGELOPOLIS', 'ACTIVO'),
(19, 2, 'ANGOSTURA', 'ACTIVO'),
(20, 2, 'ANORI', 'ACTIVO'),
(21, 2, 'ANTIOQUIA', 'ACTIVO'),
(22, 2, 'ANZA', 'ACTIVO'),
(23, 2, 'APARTADO', 'ACTIVO'),
(24, 2, 'ARBOLETES', 'ACTIVO'),
(25, 2, 'ARGELIA', 'ACTIVO'),
(26, 2, 'ARMENIA', 'ACTIVO'),
(27, 2, 'BARBOSA', 'ACTIVO'),
(28, 2, 'BELLO', 'ACTIVO'),
(29, 2, 'BELMIRA', 'ACTIVO'),
(30, 2, 'BETANIA', 'ACTIVO'),
(31, 2, 'BETULIA', 'ACTIVO'),
(32, 2, 'BOLIVAR', 'ACTIVO'),
(33, 2, 'BRICEÑO', 'ACTIVO'),
(34, 2, 'BURITICA', 'ACTIVO'),
(35, 2, 'CACERES', 'ACTIVO'),
(36, 2, 'CAICEDO', 'ACTIVO'),
(37, 2, 'CALDAS', 'ACTIVO'),
(38, 2, 'CAMPAMENTO', 'ACTIVO'),
(39, 2, 'CANASGORDAS', 'ACTIVO'),
(40, 2, 'CARACOLI', 'ACTIVO'),
(41, 2, 'CARAMANTA', 'ACTIVO'),
(42, 2, 'CAREPA', 'ACTIVO'),
(43, 2, 'CARMEN DE VIBORAL', 'ACTIVO'),
(44, 2, 'CAROLINA DEL PRINCIPE', 'ACTIVO'),
(45, 2, 'CAUCASIA', 'ACTIVO'),
(46, 2, 'CHIGORODO', 'ACTIVO'),
(47, 2, 'CISNEROS', 'ACTIVO'),
(48, 2, 'COCORNA', 'ACTIVO'),
(49, 2, 'CONCEPCION', 'ACTIVO'),
(50, 2, 'CONCORDIA', 'ACTIVO'),
(51, 2, 'COPACABANA', 'ACTIVO'),
(52, 2, 'DABEIBA', 'ACTIVO'),
(53, 2, 'DONMATIAS', 'ACTIVO'),
(54, 2, 'EBEJICO', 'ACTIVO'),
(55, 2, 'EL BAGRE', 'ACTIVO'),
(56, 2, 'EL PENOL', 'ACTIVO'),
(57, 2, 'EL RETIRO', 'ACTIVO'),
(58, 2, 'ENTRERRIOS', 'ACTIVO'),
(59, 2, 'ENVIGADO', 'ACTIVO'),
(60, 2, 'FREDONIA', 'ACTIVO'),
(61, 2, 'FRONTINO', 'ACTIVO'),
(62, 2, 'GIRALDO', 'ACTIVO'),
(63, 2, 'GIRARDOTA', 'ACTIVO'),
(64, 2, 'GOMEZ PLATA', 'ACTIVO'),
(65, 2, 'GRANADA', 'ACTIVO'),
(66, 2, 'GUADALUPE', 'ACTIVO'),
(67, 2, 'GUARNE', 'ACTIVO'),
(68, 2, 'GUATAQUE', 'ACTIVO'),
(69, 2, 'HELICONIA', 'ACTIVO'),
(70, 2, 'HISPANIA', 'ACTIVO'),
(71, 2, 'ITAGUI', 'ACTIVO'),
(72, 2, 'ITUANGO', 'ACTIVO'),
(73, 2, 'JARDIN', 'ACTIVO'),
(74, 2, 'JERICO', 'ACTIVO'),
(75, 2, 'LA CEJA', 'ACTIVO'),
(76, 2, 'LA ESTRELLA', 'ACTIVO'),
(77, 2, 'LA PINTADA', 'ACTIVO'),
(78, 2, 'LA UNION', 'ACTIVO'),
(79, 2, 'LIBORINA', 'ACTIVO'),
(80, 2, 'MACEO', 'ACTIVO'),
(81, 2, 'MARINILLA', 'ACTIVO'),
(82, 2, 'MEDELLIN', 'ACTIVO'),
(83, 2, 'MONTEBELLO', 'ACTIVO'),
(84, 2, 'MURINDO', 'ACTIVO'),
(85, 2, 'MUTATA', 'ACTIVO'),
(86, 2, 'NARINO', 'ACTIVO'),
(87, 2, 'NECHI', 'ACTIVO'),
(88, 2, 'NECOCLI', 'ACTIVO'),
(89, 2, 'OLAYA', 'ACTIVO'),
(90, 2, 'PEQUE', 'ACTIVO'),
(91, 2, 'PUEBLORRICO', 'ACTIVO'),
(92, 2, 'PUERTO BERRIO', 'ACTIVO'),
(93, 2, 'PUERTO NARE', 'ACTIVO'),
(94, 2, 'PUERTO TRIUNFO', 'ACTIVO'),
(95, 2, 'REMEDIOS', 'ACTIVO'),
(96, 2, 'RIONEGRO', 'ACTIVO'),
(97, 2, 'SABANALARGA', 'ACTIVO'),
(98, 2, 'SABANETA', 'ACTIVO'),
(99, 2, 'SALGAR', 'ACTIVO'),
(100, 2, 'SAN ANDRES DE CUERQUIA', 'ACTIVO'),
(101, 2, 'SAN CARLOS', 'ACTIVO'),
(102, 2, 'SAN FRANCISCO', 'ACTIVO'),
(103, 2, 'SAN JERONIMO', 'ACTIVO'),
(104, 2, 'SAN JOSE DE LA MONTAÑA', 'ACTIVO'),
(105, 2, 'SAN JUAN DE URABA', 'ACTIVO'),
(106, 2, 'SAN LUIS', 'ACTIVO'),
(107, 2, 'SAN PEDRO DE LOS MILAGROS', 'ACTIVO'),
(108, 2, 'SAN PEDRO DE URABA', 'ACTIVO'),
(109, 2, 'SAN RAFAEL', 'ACTIVO'),
(110, 2, 'SAN ROQUE', 'ACTIVO'),
(111, 2, 'SAN VICENTE', 'ACTIVO'),
(112, 2, 'SANTA BARBARA', 'ACTIVO'),
(113, 2, 'SANTA ROSA DE OSOS', 'ACTIVO'),
(114, 2, 'SANTO DOMINGO', 'ACTIVO'),
(115, 2, 'SANTUARIO', 'ACTIVO'),
(116, 2, 'SEGOVIA', 'ACTIVO'),
(117, 2, 'SONSON', 'ACTIVO'),
(118, 2, 'SOPETRAN', 'ACTIVO'),
(119, 2, 'TAMESIS', 'ACTIVO'),
(120, 2, 'TARAZA', 'ACTIVO'),
(121, 2, 'TARSO', 'ACTIVO'),
(122, 2, 'TITIRIBI', 'ACTIVO'),
(123, 2, 'TOLEDO', 'ACTIVO'),
(124, 2, 'TURBO', 'ACTIVO'),
(125, 2, 'URAMITA', 'ACTIVO'),
(126, 2, 'URRAO', 'ACTIVO'),
(127, 2, 'VALDIVIA', 'ACTIVO'),
(128, 2, 'VALPARAISO', 'ACTIVO'),
(129, 2, 'VEGACHI', 'ACTIVO'),
(130, 2, 'VENECIA', 'ACTIVO'),
(131, 2, 'VIGIA DEL FUERTE', 'ACTIVO'),
(132, 2, 'YALI', 'ACTIVO'),
(133, 2, 'YARUMAL', 'ACTIVO'),
(134, 2, 'YOLOMBO', 'ACTIVO'),
(135, 2, 'YONDO', 'ACTIVO'),
(136, 2, 'ZARAGOZA', 'ACTIVO'),
(137, 3, 'ARAUCA', 'ACTIVO'),
(138, 3, 'ARAUQUITA', 'ACTIVO'),
(139, 3, 'CRAVO NORTE', 'ACTIVO'),
(140, 3, 'FORTUL', 'ACTIVO'),
(141, 3, 'PUERTO RONDON', 'ACTIVO'),
(142, 3, 'SARAVENA', 'ACTIVO'),
(143, 3, 'TAME', 'ACTIVO'),
(144, 4, 'BARANOA', 'ACTIVO'),
(145, 4, 'BARRANQUILLA', 'ACTIVO'),
(146, 4, 'CAMPO DE LA CRUZ', 'ACTIVO'),
(147, 4, 'CANDELARIA', 'ACTIVO'),
(148, 4, 'GALAPA', 'ACTIVO'),
(149, 4, 'JUAN DE ACOSTA', 'ACTIVO'),
(150, 4, 'LURUACO', 'ACTIVO'),
(151, 4, 'MALAMBO', 'ACTIVO'),
(152, 4, 'MANATI', 'ACTIVO'),
(153, 4, 'PALMAR DE VARELA', 'ACTIVO'),
(154, 4, 'PIOJO', 'ACTIVO'),
(155, 4, 'POLO NUEVO', 'ACTIVO'),
(156, 4, 'PONEDERA', 'ACTIVO'),
(157, 4, 'PUERTO COLOMBIA', 'ACTIVO'),
(158, 4, 'REPELON', 'ACTIVO'),
(159, 4, 'SABANAGRANDE', 'ACTIVO'),
(160, 4, 'SABANALARGA', 'ACTIVO'),
(161, 4, 'SANTA LUCIA', 'ACTIVO'),
(162, 4, 'SANTO TOMAS', 'ACTIVO'),
(163, 4, 'SOLEDAD', 'ACTIVO'),
(164, 4, 'SUAN', 'ACTIVO'),
(165, 4, 'TUBARA', 'ACTIVO'),
(166, 4, 'USIACURI', 'ACTIVO'),
(167, 5, 'ACHI', 'ACTIVO'),
(168, 5, 'ALTOS DEL ROSARIO', 'ACTIVO'),
(169, 5, 'ARENAL', 'ACTIVO'),
(170, 5, 'ARJONA', 'ACTIVO'),
(171, 5, 'ARROYOHONDO', 'ACTIVO'),
(172, 5, 'BARRANCO DE LOBA', 'ACTIVO'),
(173, 5, 'BRAZUELO DE PAPAYAL', 'ACTIVO'),
(174, 5, 'CALAMAR', 'ACTIVO'),
(175, 5, 'CANTAGALLO', 'ACTIVO'),
(176, 5, 'CARTAGENA DE INDIAS', 'ACTIVO'),
(177, 5, 'CICUCO', 'ACTIVO'),
(178, 5, 'CLEMENCIA', 'ACTIVO'),
(179, 5, 'CORDOBA', 'ACTIVO'),
(180, 5, 'EL CARMEN DE BOLIVAR', 'ACTIVO'),
(181, 5, 'EL GUAMO', 'ACTIVO'),
(182, 5, 'EL PENION', 'ACTIVO'),
(183, 5, 'HATILLO DE LOBA', 'ACTIVO'),
(184, 5, 'MAGANGUE', 'ACTIVO'),
(185, 5, 'MAHATES', 'ACTIVO'),
(186, 5, 'MARGARITA', 'ACTIVO'),
(187, 5, 'MARIA LA BAJA', 'ACTIVO'),
(188, 5, 'MONTECRISTO', 'ACTIVO'),
(189, 5, 'MORALES', 'ACTIVO'),
(190, 5, 'MORALES', 'ACTIVO'),
(191, 5, 'NOROSI', 'ACTIVO'),
(192, 5, 'PINILLOS', 'ACTIVO'),
(193, 5, 'REGIDOR', 'ACTIVO'),
(194, 5, 'RIO VIEJO', 'ACTIVO'),
(195, 5, 'SAN CRISTOBAL', 'ACTIVO'),
(196, 5, 'SAN ESTANISLAO', 'ACTIVO'),
(197, 5, 'SAN FERNANDO', 'ACTIVO'),
(198, 5, 'SAN JACINTO', 'ACTIVO'),
(199, 5, 'SAN JACINTO DEL CAUCA', 'ACTIVO'),
(200, 5, 'SAN JUAN DE NEPOMUCENO', 'ACTIVO'),
(201, 5, 'SAN MARTIN DE LOBA', 'ACTIVO'),
(202, 5, 'SAN PABLO', 'ACTIVO'),
(203, 5, 'SAN PABLO NORTE', 'ACTIVO'),
(204, 5, 'SANTA CATALINA', 'ACTIVO'),
(205, 5, 'SANTA CRUZ DE MOMPOX', 'ACTIVO'),
(206, 5, 'SANTA ROSA', 'ACTIVO'),
(207, 5, 'SANTA ROSA DEL SUR', 'ACTIVO'),
(208, 5, 'SIMITI', 'ACTIVO'),
(209, 5, 'SOPLAVIENTO', 'ACTIVO'),
(210, 5, 'TALAIGUA NUEVO', 'ACTIVO'),
(211, 5, 'TUQUISIO', 'ACTIVO'),
(212, 5, 'TURBACO', 'ACTIVO'),
(213, 5, 'TURBANA', 'ACTIVO'),
(214, 5, 'VILLANUEVA', 'ACTIVO'),
(215, 5, 'ZAMBRANO', 'ACTIVO'),
(216, 6, 'AQUITANIA', 'ACTIVO'),
(217, 6, 'ARCABUCO', 'ACTIVO'),
(218, 6, 'BELÉN', 'ACTIVO'),
(219, 6, 'BERBEO', 'ACTIVO'),
(220, 6, 'BETÉITIVA', 'ACTIVO'),
(221, 6, 'BOAVITA', 'ACTIVO'),
(222, 6, 'BOYACÁ', 'ACTIVO'),
(223, 6, 'BRICEÑO', 'ACTIVO'),
(224, 6, 'BUENAVISTA', 'ACTIVO'),
(225, 6, 'BUSBANZÁ', 'ACTIVO'),
(226, 6, 'CALDAS', 'ACTIVO'),
(227, 6, 'CAMPO HERMOSO', 'ACTIVO'),
(228, 6, 'CERINZA', 'ACTIVO'),
(229, 6, 'CHINAVITA', 'ACTIVO'),
(230, 6, 'CHIQUINQUIRÁ', 'ACTIVO'),
(231, 6, 'CHÍQUIZA', 'ACTIVO'),
(232, 6, 'CHISCAS', 'ACTIVO'),
(233, 6, 'CHITA', 'ACTIVO'),
(234, 6, 'CHITARAQUE', 'ACTIVO'),
(235, 6, 'CHIVATÁ', 'ACTIVO'),
(236, 6, 'CIÉNEGA', 'ACTIVO'),
(237, 6, 'CÓMBITA', 'ACTIVO'),
(238, 6, 'COPER', 'ACTIVO'),
(239, 6, 'CORRALES', 'ACTIVO'),
(240, 6, 'COVARACHÍA', 'ACTIVO'),
(241, 6, 'CUBARA', 'ACTIVO'),
(242, 6, 'CUCAITA', 'ACTIVO'),
(243, 6, 'CUITIVA', 'ACTIVO'),
(244, 6, 'DUITAMA', 'ACTIVO'),
(245, 6, 'EL COCUY', 'ACTIVO'),
(246, 6, 'EL ESPINO', 'ACTIVO'),
(247, 6, 'FIRAVITOBA', 'ACTIVO'),
(248, 6, 'FLORESTA', 'ACTIVO'),
(249, 6, 'GACHANTIVÁ', 'ACTIVO'),
(250, 6, 'GÁMEZA', 'ACTIVO'),
(251, 6, 'GARAGOA', 'ACTIVO'),
(252, 6, 'GUACAMAYAS', 'ACTIVO'),
(253, 6, 'GÜICÁN', 'ACTIVO'),
(254, 6, 'IZA', 'ACTIVO'),
(255, 6, 'JENESANO', 'ACTIVO'),
(256, 6, 'JERICÓ', 'ACTIVO'),
(257, 6, 'LA UVITA', 'ACTIVO'),
(258, 6, 'LA VICTORIA', 'ACTIVO'),
(259, 6, 'LABRANZA GRANDE', 'ACTIVO'),
(260, 6, 'MACANAL', 'ACTIVO'),
(261, 6, 'MARIPÍ', 'ACTIVO'),
(262, 6, 'MIRAFLORES', 'ACTIVO'),
(263, 6, 'MONGUA', 'ACTIVO'),
(264, 6, 'MONGUÍ', 'ACTIVO'),
(265, 6, 'MONIQUIRÁ', 'ACTIVO'),
(266, 6, 'MOTAVITA', 'ACTIVO'),
(267, 6, 'MUZO', 'ACTIVO'),
(268, 6, 'NOBSA', 'ACTIVO'),
(269, 6, 'NUEVO COLÓN', 'ACTIVO'),
(270, 6, 'OICATÁ', 'ACTIVO'),
(271, 6, 'OTANCHE', 'ACTIVO'),
(272, 6, 'PACHAVITA', 'ACTIVO'),
(273, 6, 'PÁEZ', 'ACTIVO'),
(274, 6, 'PAIPA', 'ACTIVO'),
(275, 6, 'PAJARITO', 'ACTIVO'),
(276, 6, 'PANQUEBA', 'ACTIVO'),
(277, 6, 'PAUNA', 'ACTIVO'),
(278, 6, 'PAYA', 'ACTIVO'),
(279, 6, 'PAZ DE RÍO', 'ACTIVO'),
(280, 6, 'PESCA', 'ACTIVO'),
(281, 6, 'PISBA', 'ACTIVO'),
(282, 6, 'PUERTO BOYACA', 'ACTIVO'),
(283, 6, 'QUÍPAMA', 'ACTIVO'),
(284, 6, 'RAMIRIQUÍ', 'ACTIVO'),
(285, 6, 'RÁQUIRA', 'ACTIVO'),
(286, 6, 'RONDÓN', 'ACTIVO'),
(287, 6, 'SABOYÁ', 'ACTIVO'),
(288, 6, 'SÁCHICA', 'ACTIVO'),
(289, 6, 'SAMACÁ', 'ACTIVO'),
(290, 6, 'SAN EDUARDO', 'ACTIVO'),
(291, 6, 'SAN JOSÉ DE PARE', 'ACTIVO'),
(292, 6, 'SAN LUÍS DE GACENO', 'ACTIVO'),
(293, 6, 'SAN MATEO', 'ACTIVO'),
(294, 6, 'SAN MIGUEL DE SEMA', 'ACTIVO'),
(295, 6, 'SAN PABLO DE BORBUR', 'ACTIVO'),
(296, 6, 'SANTA MARÍA', 'ACTIVO'),
(297, 6, 'SANTA ROSA DE VITERBO', 'ACTIVO'),
(298, 6, 'SANTA SOFÍA', 'ACTIVO'),
(299, 6, 'SANTANA', 'ACTIVO'),
(300, 6, 'SATIVANORTE', 'ACTIVO'),
(301, 6, 'SATIVASUR', 'ACTIVO'),
(302, 6, 'SIACHOQUE', 'ACTIVO'),
(303, 6, 'SOATÁ', 'ACTIVO'),
(304, 6, 'SOCHA', 'ACTIVO'),
(305, 6, 'SOCOTÁ', 'ACTIVO'),
(306, 6, 'SOGAMOSO', 'ACTIVO'),
(307, 6, 'SORA', 'ACTIVO'),
(308, 6, 'SORACÁ', 'ACTIVO'),
(309, 6, 'SOTAQUIRÁ', 'ACTIVO'),
(310, 6, 'SUSACÓN', 'ACTIVO'),
(311, 6, 'SUTARMACHÁN', 'ACTIVO'),
(312, 6, 'TASCO', 'ACTIVO'),
(313, 6, 'TIBANÁ', 'ACTIVO'),
(314, 6, 'TIBASOSA', 'ACTIVO'),
(315, 6, 'TINJACÁ', 'ACTIVO'),
(316, 6, 'TIPACOQUE', 'ACTIVO'),
(317, 6, 'TOCA', 'ACTIVO'),
(318, 6, 'TOGÜÍ', 'ACTIVO'),
(319, 6, 'TÓPAGA', 'ACTIVO'),
(320, 6, 'TOTA', 'ACTIVO'),
(321, 6, 'TUNJA', 'ACTIVO'),
(322, 6, 'TUNUNGUÁ', 'ACTIVO'),
(323, 6, 'TURMEQUÉ', 'ACTIVO'),
(324, 6, 'TUTA', 'ACTIVO'),
(325, 6, 'TUTAZÁ', 'ACTIVO'),
(326, 6, 'UMBITA', 'ACTIVO'),
(327, 6, 'VENTA QUEMADA', 'ACTIVO'),
(328, 6, 'VILLA DE LEYVA', 'ACTIVO'),
(329, 6, 'VIRACACHÁ', 'ACTIVO'),
(330, 6, 'ZETAQUIRA', 'ACTIVO'),
(331, 7, 'AGUADAS', 'ACTIVO'),
(332, 7, 'ANSERMA', 'ACTIVO'),
(333, 7, 'ARANZAZU', 'ACTIVO'),
(334, 7, 'BELALCAZAR', 'ACTIVO'),
(335, 7, 'CHINCHINÁ', 'ACTIVO'),
(336, 7, 'FILADELFIA', 'ACTIVO'),
(337, 7, 'LA DORADA', 'ACTIVO'),
(338, 7, 'LA MERCED', 'ACTIVO'),
(339, 7, 'MANIZALES', 'ACTIVO'),
(340, 7, 'MANZANARES', 'ACTIVO'),
(341, 7, 'MARMATO', 'ACTIVO'),
(342, 7, 'MARQUETALIA', 'ACTIVO'),
(343, 7, 'MARULANDA', 'ACTIVO'),
(344, 7, 'NEIRA', 'ACTIVO'),
(345, 7, 'NORCASIA', 'ACTIVO'),
(346, 7, 'PACORA', 'ACTIVO'),
(347, 7, 'PALESTINA', 'ACTIVO'),
(348, 7, 'PENSILVANIA', 'ACTIVO'),
(349, 7, 'RIOSUCIO', 'ACTIVO'),
(350, 7, 'RISARALDA', 'ACTIVO'),
(351, 7, 'SALAMINA', 'ACTIVO'),
(352, 7, 'SAMANA', 'ACTIVO'),
(353, 7, 'SAN JOSE', 'ACTIVO'),
(354, 7, 'SUPÍA', 'ACTIVO'),
(355, 7, 'VICTORIA', 'ACTIVO'),
(356, 7, 'VILLAMARÍA', 'ACTIVO'),
(357, 7, 'VITERBO', 'ACTIVO'),
(358, 8, 'ALBANIA', 'ACTIVO'),
(359, 8, 'BELÉN ANDAQUIES', 'ACTIVO'),
(360, 8, 'CARTAGENA DEL CHAIRA', 'ACTIVO'),
(361, 8, 'CURILLO', 'ACTIVO'),
(362, 8, 'EL DONCELLO', 'ACTIVO'),
(363, 8, 'EL PAUJIL', 'ACTIVO'),
(364, 8, 'FLORENCIA', 'ACTIVO'),
(365, 8, 'LA MONTAÑITA', 'ACTIVO'),
(366, 8, 'MILÁN', 'ACTIVO'),
(367, 8, 'MORELIA', 'ACTIVO'),
(368, 8, 'PUERTO RICO', 'ACTIVO'),
(369, 8, 'SAN  VICENTE DEL CAGUAN', 'ACTIVO'),
(370, 8, 'SAN JOSÉ DE FRAGUA', 'ACTIVO'),
(371, 8, 'SOLANO', 'ACTIVO'),
(372, 8, 'SOLITA', 'ACTIVO'),
(373, 8, 'VALPARAÍSO', 'ACTIVO'),
(374, 9, 'AGUAZUL', 'ACTIVO'),
(375, 9, 'CHAMEZA', 'ACTIVO'),
(376, 9, 'HATO COROZAL', 'ACTIVO'),
(377, 9, 'LA SALINA', 'ACTIVO'),
(378, 9, 'MANÍ', 'ACTIVO'),
(379, 9, 'MONTERREY', 'ACTIVO'),
(380, 9, 'NUNCHIA', 'ACTIVO'),
(381, 9, 'OROCUE', 'ACTIVO'),
(382, 9, 'PAZ DE ARIPORO', 'ACTIVO'),
(383, 9, 'PORE', 'ACTIVO'),
(384, 9, 'RECETOR', 'ACTIVO'),
(385, 9, 'SABANA LARGA', 'ACTIVO'),
(386, 9, 'SACAMA', 'ACTIVO'),
(387, 9, 'SAN LUIS DE PALENQUE', 'ACTIVO'),
(388, 9, 'TAMARA', 'ACTIVO'),
(389, 9, 'TAURAMENA', 'ACTIVO'),
(390, 9, 'TRINIDAD', 'ACTIVO'),
(391, 9, 'VILLANUEVA', 'ACTIVO'),
(392, 9, 'YOPAL', 'ACTIVO'),
(393, 10, 'ALMAGUER', 'ACTIVO'),
(394, 10, 'ARGELIA', 'ACTIVO'),
(395, 10, 'BALBOA', 'ACTIVO'),
(396, 10, 'BOLÍVAR', 'ACTIVO'),
(397, 10, 'BUENOS AIRES', 'ACTIVO'),
(398, 10, 'CAJIBIO', 'ACTIVO'),
(399, 10, 'CALDONO', 'ACTIVO'),
(400, 10, 'CALOTO', 'ACTIVO'),
(401, 10, 'CORINTO', 'ACTIVO'),
(402, 10, 'EL TAMBO', 'ACTIVO'),
(403, 10, 'FLORENCIA', 'ACTIVO'),
(404, 10, 'GUAPI', 'ACTIVO'),
(405, 10, 'INZA', 'ACTIVO'),
(406, 10, 'JAMBALÓ', 'ACTIVO'),
(407, 10, 'LA SIERRA', 'ACTIVO'),
(408, 10, 'LA VEGA', 'ACTIVO'),
(409, 10, 'LÓPEZ', 'ACTIVO'),
(410, 10, 'MERCADERES', 'ACTIVO'),
(411, 10, 'MIRANDA', 'ACTIVO'),
(412, 10, 'MORALES', 'ACTIVO'),
(413, 10, 'PADILLA', 'ACTIVO'),
(414, 10, 'PÁEZ', 'ACTIVO'),
(415, 10, 'PATIA (EL BORDO)', 'ACTIVO'),
(416, 10, 'PIAMONTE', 'ACTIVO'),
(417, 10, 'PIENDAMO', 'ACTIVO'),
(418, 10, 'POPAYÁN', 'ACTIVO'),
(419, 10, 'PUERTO TEJADA', 'ACTIVO'),
(420, 10, 'PURACE', 'ACTIVO'),
(421, 10, 'ROSAS', 'ACTIVO'),
(422, 10, 'SAN SEBASTIÁN', 'ACTIVO'),
(423, 10, 'SANTA ROSA', 'ACTIVO'),
(424, 10, 'SANTANDER DE QUILICHAO', 'ACTIVO'),
(425, 10, 'SILVIA', 'ACTIVO'),
(426, 10, 'SOTARA', 'ACTIVO'),
(427, 10, 'SUÁREZ', 'ACTIVO'),
(428, 10, 'SUCRE', 'ACTIVO'),
(429, 10, 'TIMBÍO', 'ACTIVO'),
(430, 10, 'TIMBIQUÍ', 'ACTIVO'),
(431, 10, 'TORIBIO', 'ACTIVO'),
(432, 10, 'TOTORO', 'ACTIVO'),
(433, 10, 'VILLA RICA', 'ACTIVO'),
(434, 11, 'AGUACHICA', 'ACTIVO'),
(435, 11, 'AGUSTÍN CODAZZI', 'ACTIVO'),
(436, 11, 'ASTREA', 'ACTIVO'),
(437, 11, 'BECERRIL', 'ACTIVO'),
(438, 11, 'BOSCONIA', 'ACTIVO'),
(439, 11, 'CHIMICHAGUA', 'ACTIVO'),
(440, 11, 'CHIRIGUANÁ', 'ACTIVO'),
(441, 11, 'CURUMANÍ', 'ACTIVO'),
(442, 11, 'EL COPEY', 'ACTIVO'),
(443, 11, 'EL PASO', 'ACTIVO'),
(444, 11, 'GAMARRA', 'ACTIVO'),
(445, 11, 'GONZÁLEZ', 'ACTIVO'),
(446, 11, 'LA GLORIA', 'ACTIVO'),
(447, 11, 'LA JAGUA IBIRICO', 'ACTIVO'),
(448, 11, 'MANAURE BALCÓN DEL CESAR', 'ACTIVO'),
(449, 11, 'PAILITAS', 'ACTIVO'),
(450, 11, 'PELAYA', 'ACTIVO'),
(451, 11, 'PUEBLO BELLO', 'ACTIVO'),
(452, 11, 'RÍO DE ORO', 'ACTIVO'),
(453, 11, 'ROBLES (LA PAZ)', 'ACTIVO'),
(454, 11, 'SAN ALBERTO', 'ACTIVO'),
(455, 11, 'SAN DIEGO', 'ACTIVO'),
(456, 11, 'SAN MARTÍN', 'ACTIVO'),
(457, 11, 'TAMALAMEQUE', 'ACTIVO'),
(458, 11, 'VALLEDUPAR', 'ACTIVO'),
(459, 12, 'ACANDI', 'ACTIVO'),
(460, 12, 'ALTO BAUDO (PIE DE PATO)', 'ACTIVO'),
(461, 12, 'ATRATO', 'ACTIVO'),
(462, 12, 'BAGADO', 'ACTIVO'),
(463, 12, 'BAHIA SOLANO (MUTIS)', 'ACTIVO'),
(464, 12, 'BAJO BAUDO (PIZARRO)', 'ACTIVO'),
(465, 12, 'BOJAYA (BELLAVISTA)', 'ACTIVO'),
(466, 12, 'CANTON DE SAN PABLO', 'ACTIVO'),
(467, 12, 'CARMEN DEL DARIEN', 'ACTIVO'),
(468, 12, 'CERTEGUI', 'ACTIVO'),
(469, 12, 'CONDOTO', 'ACTIVO'),
(470, 12, 'EL CARMEN', 'ACTIVO'),
(471, 12, 'ISTMINA', 'ACTIVO'),
(472, 12, 'JURADO', 'ACTIVO'),
(473, 12, 'LITORAL DEL SAN JUAN', 'ACTIVO'),
(474, 12, 'LLORO', 'ACTIVO'),
(475, 12, 'MEDIO ATRATO', 'ACTIVO'),
(476, 12, 'MEDIO BAUDO (BOCA DE PEPE)', 'ACTIVO'),
(477, 12, 'MEDIO SAN JUAN', 'ACTIVO'),
(478, 12, 'NOVITA', 'ACTIVO'),
(479, 12, 'NUQUI', 'ACTIVO'),
(480, 12, 'QUIBDO', 'ACTIVO'),
(481, 12, 'RIO IRO', 'ACTIVO'),
(482, 12, 'RIO QUITO', 'ACTIVO'),
(483, 12, 'RIOSUCIO', 'ACTIVO'),
(484, 12, 'SAN JOSE DEL PALMAR', 'ACTIVO'),
(485, 12, 'SIPI', 'ACTIVO'),
(486, 12, 'TADO', 'ACTIVO'),
(487, 12, 'UNGUIA', 'ACTIVO'),
(488, 12, 'UNIÓN PANAMERICANA', 'ACTIVO'),
(489, 13, 'AYAPEL', 'ACTIVO'),
(490, 13, 'BUENAVISTA', 'ACTIVO'),
(491, 13, 'CANALETE', 'ACTIVO'),
(492, 13, 'CERETÉ', 'ACTIVO'),
(493, 13, 'CHIMA', 'ACTIVO'),
(494, 13, 'CHINÚ', 'ACTIVO'),
(495, 13, 'CIENAGA DE ORO', 'ACTIVO'),
(496, 13, 'COTORRA', 'ACTIVO'),
(497, 13, 'LA APARTADA', 'ACTIVO'),
(498, 13, 'LORICA', 'ACTIVO'),
(499, 13, 'LOS CÓRDOBAS', 'ACTIVO'),
(500, 13, 'MOMIL', 'ACTIVO'),
(501, 13, 'MONTELÍBANO', 'ACTIVO'),
(502, 13, 'MONTERÍA', 'ACTIVO'),
(503, 13, 'MOÑITOS', 'ACTIVO'),
(504, 13, 'PLANETA RICA', 'ACTIVO'),
(505, 13, 'PUEBLO NUEVO', 'ACTIVO'),
(506, 13, 'PUERTO ESCONDIDO', 'ACTIVO'),
(507, 13, 'PUERTO LIBERTADOR', 'ACTIVO'),
(508, 13, 'PURÍSIMA', 'ACTIVO'),
(509, 13, 'SAHAGÚN', 'ACTIVO'),
(510, 13, 'SAN ANDRÉS SOTAVENTO', 'ACTIVO'),
(511, 13, 'SAN ANTERO', 'ACTIVO'),
(512, 13, 'SAN BERNARDO VIENTO', 'ACTIVO'),
(513, 13, 'SAN CARLOS', 'ACTIVO'),
(514, 13, 'SAN PELAYO', 'ACTIVO'),
(515, 13, 'TIERRALTA', 'ACTIVO'),
(516, 13, 'VALENCIA', 'ACTIVO'),
(517, 14, 'AGUA DE DIOS', 'ACTIVO'),
(518, 14, 'ALBAN', 'ACTIVO'),
(519, 14, 'ANAPOIMA', 'ACTIVO'),
(520, 14, 'ANOLAIMA', 'ACTIVO'),
(521, 14, 'ARBELAEZ', 'ACTIVO'),
(522, 14, 'BELTRÁN', 'ACTIVO'),
(523, 14, 'BITUIMA', 'ACTIVO'),
(524, 14, 'BOGOTÁ DC', 'ACTIVO'),
(525, 14, 'BOJACÁ', 'ACTIVO'),
(526, 14, 'CABRERA', 'ACTIVO'),
(527, 14, 'CACHIPAY', 'ACTIVO'),
(528, 14, 'CAJICÁ', 'ACTIVO'),
(529, 14, 'CAPARRAPÍ', 'ACTIVO'),
(530, 14, 'CAQUEZA', 'ACTIVO'),
(531, 14, 'CARMEN DE CARUPA', 'ACTIVO'),
(532, 14, 'CHAGUANÍ', 'ACTIVO'),
(533, 14, 'CHIA', 'ACTIVO'),
(534, 14, 'CHIPAQUE', 'ACTIVO'),
(535, 14, 'CHOACHÍ', 'ACTIVO'),
(536, 14, 'CHOCONTÁ', 'ACTIVO'),
(537, 14, 'COGUA', 'ACTIVO'),
(538, 14, 'COTA', 'ACTIVO'),
(539, 14, 'CUCUNUBÁ', 'ACTIVO'),
(540, 14, 'EL COLEGIO', 'ACTIVO'),
(541, 14, 'EL PEÑÓN', 'ACTIVO'),
(542, 14, 'EL ROSAL1', 'ACTIVO'),
(543, 14, 'FACATATIVA', 'ACTIVO'),
(544, 14, 'FÓMEQUE', 'ACTIVO'),
(545, 14, 'FOSCA', 'ACTIVO'),
(546, 14, 'FUNZA', 'ACTIVO'),
(547, 14, 'FÚQUENE', 'ACTIVO'),
(548, 14, 'FUSAGASUGA', 'ACTIVO'),
(549, 14, 'GACHALÁ', 'ACTIVO'),
(550, 14, 'GACHANCIPÁ', 'ACTIVO'),
(551, 14, 'GACHETA', 'ACTIVO'),
(552, 14, 'GAMA', 'ACTIVO'),
(553, 14, 'GIRARDOT', 'ACTIVO'),
(554, 14, 'GRANADA2', 'ACTIVO'),
(555, 14, 'GUACHETÁ', 'ACTIVO'),
(556, 14, 'GUADUAS', 'ACTIVO'),
(557, 14, 'GUASCA', 'ACTIVO'),
(558, 14, 'GUATAQUÍ', 'ACTIVO'),
(559, 14, 'GUATAVITA', 'ACTIVO'),
(560, 14, 'GUAYABAL DE SIQUIMA', 'ACTIVO'),
(561, 14, 'GUAYABETAL', 'ACTIVO'),
(562, 14, 'GUTIÉRREZ', 'ACTIVO'),
(563, 14, 'JERUSALÉN', 'ACTIVO'),
(564, 14, 'JUNÍN', 'ACTIVO'),
(565, 14, 'LA CALERA', 'ACTIVO'),
(566, 14, 'LA MESA', 'ACTIVO'),
(567, 14, 'LA PALMA', 'ACTIVO'),
(568, 14, 'LA PEÑA', 'ACTIVO'),
(569, 14, 'LA VEGA', 'ACTIVO'),
(570, 14, 'LENGUAZAQUE', 'ACTIVO'),
(571, 14, 'MACHETÁ', 'ACTIVO'),
(572, 14, 'MADRID', 'ACTIVO'),
(573, 14, 'MANTA', 'ACTIVO'),
(574, 14, 'MEDINA', 'ACTIVO'),
(575, 14, 'MOSQUERA', 'ACTIVO'),
(576, 14, 'NARIÑO', 'ACTIVO'),
(577, 14, 'NEMOCÓN', 'ACTIVO'),
(578, 14, 'NILO', 'ACTIVO'),
(579, 14, 'NIMAIMA', 'ACTIVO'),
(580, 14, 'NOCAIMA', 'ACTIVO'),
(581, 14, 'OSPINA PÉREZ', 'ACTIVO'),
(582, 14, 'PACHO', 'ACTIVO'),
(583, 14, 'PAIME', 'ACTIVO'),
(584, 14, 'PANDI', 'ACTIVO'),
(585, 14, 'PARATEBUENO', 'ACTIVO'),
(586, 14, 'PASCA', 'ACTIVO'),
(587, 14, 'PUERTO SALGAR', 'ACTIVO'),
(588, 14, 'PULÍ', 'ACTIVO'),
(589, 14, 'QUEBRADANEGRA', 'ACTIVO'),
(590, 14, 'QUETAME', 'ACTIVO'),
(591, 14, 'QUIPILE', 'ACTIVO'),
(592, 14, 'RAFAEL REYES', 'ACTIVO'),
(593, 14, 'RICAURTE', 'ACTIVO'),
(594, 14, 'SAN  ANTONIO DEL  TEQUENDAMA', 'ACTIVO'),
(595, 14, 'SAN BERNARDO', 'ACTIVO'),
(596, 14, 'SAN CAYETANO', 'ACTIVO'),
(597, 14, 'SAN FRANCISCO', 'ACTIVO'),
(598, 14, 'SAN JUAN DE RIOSECO', 'ACTIVO'),
(599, 14, 'SASAIMA', 'ACTIVO'),
(600, 14, 'SESQUILÉ', 'ACTIVO'),
(601, 14, 'SIBATÉ', 'ACTIVO'),
(602, 14, 'SILVANIA', 'ACTIVO'),
(603, 14, 'SIMIJACA', 'ACTIVO'),
(604, 14, 'SOACHA', 'ACTIVO'),
(605, 14, 'SOPO', 'ACTIVO'),
(606, 14, 'SUBACHOQUE', 'ACTIVO'),
(607, 14, 'SUESCA', 'ACTIVO'),
(608, 14, 'SUPATÁ', 'ACTIVO'),
(609, 14, 'SUSA', 'ACTIVO'),
(610, 14, 'SUTATAUSA', 'ACTIVO'),
(611, 14, 'TABIO', 'ACTIVO'),
(612, 14, 'TAUSA', 'ACTIVO'),
(613, 14, 'TENA', 'ACTIVO'),
(614, 14, 'TENJO', 'ACTIVO'),
(615, 14, 'TIBACUY', 'ACTIVO'),
(616, 14, 'TIBIRITA', 'ACTIVO'),
(617, 14, 'TOCAIMA', 'ACTIVO'),
(618, 14, 'TOCANCIPÁ', 'ACTIVO'),
(619, 14, 'TOPAIPÍ', 'ACTIVO'),
(620, 14, 'UBALÁ', 'ACTIVO'),
(621, 14, 'UBAQUE', 'ACTIVO'),
(622, 14, 'UBATÉ', 'ACTIVO'),
(623, 14, 'UNE', 'ACTIVO'),
(624, 14, 'UTICA', 'ACTIVO'),
(625, 14, 'VERGARA', 'ACTIVO'),
(626, 14, 'VIANI', 'ACTIVO'),
(627, 14, 'VILLA GOMEZ', 'ACTIVO'),
(628, 14, 'VILLA PINZÓN', 'ACTIVO'),
(629, 14, 'VILLETA', 'ACTIVO'),
(630, 14, 'VIOTA', 'ACTIVO'),
(631, 14, 'YACOPÍ', 'ACTIVO'),
(632, 14, 'ZIPACÓN', 'ACTIVO'),
(633, 14, 'ZIPAQUIRÁ', 'ACTIVO'),
(634, 15, 'BARRANCO MINAS', 'ACTIVO'),
(635, 15, 'CACAHUAL', 'ACTIVO'),
(636, 15, 'INÍRIDA', 'ACTIVO'),
(637, 15, 'LA GUADALUPE', 'ACTIVO'),
(638, 15, 'MAPIRIPANA', 'ACTIVO'),
(639, 15, 'MORICHAL', 'ACTIVO'),
(640, 15, 'PANA PANA', 'ACTIVO'),
(641, 15, 'PUERTO COLOMBIA', 'ACTIVO'),
(642, 15, 'SAN FELIPE', 'ACTIVO'),
(643, 16, 'CALAMAR', 'ACTIVO'),
(644, 16, 'EL RETORNO', 'ACTIVO'),
(645, 16, 'MIRAFLOREZ', 'ACTIVO'),
(646, 16, 'SAN JOSÉ DEL GUAVIARE', 'ACTIVO'),
(647, 17, 'ACEVEDO', 'ACTIVO'),
(648, 17, 'AGRADO', 'ACTIVO'),
(649, 17, 'AIPE', 'ACTIVO'),
(650, 17, 'ALGECIRAS', 'ACTIVO'),
(651, 17, 'ALTAMIRA', 'ACTIVO'),
(652, 17, 'BARAYA', 'ACTIVO'),
(653, 17, 'CAMPO ALEGRE', 'ACTIVO'),
(654, 17, 'COLOMBIA', 'ACTIVO'),
(655, 17, 'ELIAS', 'ACTIVO'),
(656, 17, 'GARZÓN', 'ACTIVO'),
(657, 17, 'GIGANTE', 'ACTIVO'),
(658, 17, 'GUADALUPE', 'ACTIVO'),
(659, 17, 'HOBO', 'ACTIVO'),
(660, 17, 'IQUIRA', 'ACTIVO'),
(661, 17, 'ISNOS', 'ACTIVO'),
(662, 17, 'LA ARGENTINA', 'ACTIVO'),
(663, 17, 'LA PLATA', 'ACTIVO'),
(664, 17, 'NATAGA', 'ACTIVO'),
(665, 17, 'NEIVA', 'ACTIVO'),
(666, 17, 'OPORAPA', 'ACTIVO'),
(667, 17, 'PAICOL', 'ACTIVO'),
(668, 17, 'PALERMO', 'ACTIVO'),
(669, 17, 'PALESTINA', 'ACTIVO'),
(670, 17, 'PITAL', 'ACTIVO'),
(671, 17, 'PITALITO', 'ACTIVO'),
(672, 17, 'RIVERA', 'ACTIVO'),
(673, 17, 'SALADO BLANCO', 'ACTIVO'),
(674, 17, 'SAN AGUSTÍN', 'ACTIVO'),
(675, 17, 'SANTA MARIA', 'ACTIVO'),
(676, 17, 'SUAZA', 'ACTIVO'),
(677, 17, 'TARQUI', 'ACTIVO'),
(678, 17, 'TELLO', 'ACTIVO'),
(679, 17, 'TERUEL', 'ACTIVO'),
(680, 17, 'TESALIA', 'ACTIVO'),
(681, 17, 'TIMANA', 'ACTIVO'),
(682, 17, 'VILLAVIEJA', 'ACTIVO'),
(683, 17, 'YAGUARA', 'ACTIVO'),
(684, 18, 'ALBANIA', 'ACTIVO'),
(685, 18, 'BARRANCAS', 'ACTIVO'),
(686, 18, 'DIBULLA', 'ACTIVO'),
(687, 18, 'DISTRACCIÓN', 'ACTIVO'),
(688, 18, 'EL MOLINO', 'ACTIVO'),
(689, 18, 'FONSECA', 'ACTIVO'),
(690, 18, 'HATO NUEVO', 'ACTIVO'),
(691, 18, 'LA JAGUA DEL PILAR', 'ACTIVO'),
(692, 18, 'MAICAO', 'ACTIVO'),
(693, 18, 'MANAURE', 'ACTIVO'),
(694, 18, 'RIOHACHA', 'ACTIVO'),
(695, 18, 'SAN JUAN DEL CESAR', 'ACTIVO'),
(696, 18, 'URIBIA', 'ACTIVO'),
(697, 18, 'URUMITA', 'ACTIVO'),
(698, 18, 'VILLANUEVA', 'ACTIVO'),
(699, 19, 'ALGARROBO', 'ACTIVO'),
(700, 19, 'ARACATACA', 'ACTIVO'),
(701, 19, 'ARIGUANI', 'ACTIVO'),
(702, 19, 'CERRO SAN ANTONIO', 'ACTIVO'),
(703, 19, 'CHIVOLO', 'ACTIVO'),
(704, 19, 'CIENAGA', 'ACTIVO'),
(705, 19, 'CONCORDIA', 'ACTIVO'),
(706, 19, 'EL BANCO', 'ACTIVO'),
(707, 19, 'EL PIÑON', 'ACTIVO'),
(708, 19, 'EL RETEN', 'ACTIVO'),
(709, 19, 'FUNDACION', 'ACTIVO'),
(710, 19, 'GUAMAL', 'ACTIVO'),
(711, 19, 'NUEVA GRANADA', 'ACTIVO'),
(712, 19, 'PEDRAZA', 'ACTIVO'),
(713, 19, 'PIJIÑO DEL CARMEN', 'ACTIVO'),
(714, 19, 'PIVIJAY', 'ACTIVO'),
(715, 19, 'PLATO', 'ACTIVO'),
(716, 19, 'PUEBLO VIEJO', 'ACTIVO'),
(717, 19, 'REMOLINO', 'ACTIVO'),
(718, 19, 'SABANAS DE SAN ANGEL', 'ACTIVO'),
(719, 19, 'SALAMINA', 'ACTIVO'),
(720, 19, 'SAN SEBASTIAN DE BUENAVISTA', 'ACTIVO'),
(721, 19, 'SAN ZENON', 'ACTIVO'),
(722, 19, 'SANTA ANA', 'ACTIVO'),
(723, 19, 'SANTA BARBARA DE PINTO', 'ACTIVO'),
(724, 19, 'SANTA MARTA', 'ACTIVO'),
(725, 19, 'SITIONUEVO', 'ACTIVO'),
(726, 19, 'TENERIFE', 'ACTIVO'),
(727, 19, 'ZAPAYAN', 'ACTIVO'),
(728, 19, 'ZONA BANANERA', 'ACTIVO'),
(729, 20, 'ACACIAS', 'ACTIVO'),
(730, 20, 'BARRANCA DE UPIA', 'ACTIVO'),
(731, 20, 'CABUYARO', 'ACTIVO'),
(732, 20, 'CASTILLA LA NUEVA', 'ACTIVO'),
(733, 20, 'CUBARRAL', 'ACTIVO'),
(734, 20, 'CUMARAL', 'ACTIVO'),
(735, 20, 'EL CALVARIO', 'ACTIVO'),
(736, 20, 'EL CASTILLO', 'ACTIVO'),
(737, 20, 'EL DORADO', 'ACTIVO'),
(738, 20, 'FUENTE DE ORO', 'ACTIVO'),
(739, 20, 'GRANADA', 'ACTIVO'),
(740, 20, 'GUAMAL', 'ACTIVO'),
(741, 20, 'LA MACARENA', 'ACTIVO'),
(742, 20, 'LA URIBE', 'ACTIVO'),
(743, 20, 'LEJANÍAS', 'ACTIVO'),
(744, 20, 'MAPIRIPÁN', 'ACTIVO'),
(745, 20, 'MESETAS', 'ACTIVO'),
(746, 20, 'PUERTO CONCORDIA', 'ACTIVO'),
(747, 20, 'PUERTO GAITÁN', 'ACTIVO'),
(748, 20, 'PUERTO LLERAS', 'ACTIVO'),
(749, 20, 'PUERTO LÓPEZ', 'ACTIVO'),
(750, 20, 'PUERTO RICO', 'ACTIVO'),
(751, 20, 'RESTREPO', 'ACTIVO'),
(752, 20, 'SAN  JUAN DE ARAMA', 'ACTIVO'),
(753, 20, 'SAN CARLOS GUAROA', 'ACTIVO'),
(754, 20, 'SAN JUANITO', 'ACTIVO'),
(755, 20, 'SAN MARTÍN', 'ACTIVO'),
(756, 20, 'VILLAVICENCIO', 'ACTIVO'),
(757, 20, 'VISTA HERMOSA', 'ACTIVO'),
(758, 21, 'ALBAN', 'ACTIVO'),
(759, 21, 'ALDAÑA', 'ACTIVO'),
(760, 21, 'ANCUYA', 'ACTIVO'),
(761, 21, 'ARBOLEDA', 'ACTIVO'),
(762, 21, 'BARBACOAS', 'ACTIVO'),
(763, 21, 'BELEN', 'ACTIVO'),
(764, 21, 'BUESACO', 'ACTIVO'),
(765, 21, 'CHACHAGUI', 'ACTIVO'),
(766, 21, 'COLON (GENOVA)', 'ACTIVO'),
(767, 21, 'CONSACA', 'ACTIVO'),
(768, 21, 'CONTADERO', 'ACTIVO'),
(769, 21, 'CORDOBA', 'ACTIVO'),
(770, 21, 'CUASPUD', 'ACTIVO'),
(771, 21, 'CUMBAL', 'ACTIVO'),
(772, 21, 'CUMBITARA', 'ACTIVO'),
(773, 21, 'EL CHARCO', 'ACTIVO'),
(774, 21, 'EL PEÑOL', 'ACTIVO'),
(775, 21, 'EL ROSARIO', 'ACTIVO'),
(776, 21, 'EL TABLÓN', 'ACTIVO'),
(777, 21, 'EL TAMBO', 'ACTIVO'),
(778, 21, 'FUNES', 'ACTIVO'),
(779, 21, 'GUACHUCAL', 'ACTIVO'),
(780, 21, 'GUAITARILLA', 'ACTIVO'),
(781, 21, 'GUALMATAN', 'ACTIVO'),
(782, 21, 'ILES', 'ACTIVO'),
(783, 21, 'IMUES', 'ACTIVO'),
(784, 21, 'IPIALES', 'ACTIVO'),
(785, 21, 'LA CRUZ', 'ACTIVO'),
(786, 21, 'LA FLORIDA', 'ACTIVO'),
(787, 21, 'LA LLANADA', 'ACTIVO'),
(788, 21, 'LA TOLA', 'ACTIVO'),
(789, 21, 'LA UNION', 'ACTIVO'),
(790, 21, 'LEIVA', 'ACTIVO'),
(791, 21, 'LINARES', 'ACTIVO'),
(792, 21, 'LOS ANDES', 'ACTIVO'),
(793, 21, 'MAGUI', 'ACTIVO'),
(794, 21, 'MALLAMA', 'ACTIVO'),
(795, 21, 'MOSQUEZA', 'ACTIVO'),
(796, 21, 'NARIÑO', 'ACTIVO'),
(797, 21, 'OLAYA HERRERA', 'ACTIVO'),
(798, 21, 'OSPINA', 'ACTIVO'),
(799, 21, 'PASTO', 'ACTIVO'),
(800, 21, 'PIZARRO', 'ACTIVO'),
(801, 21, 'POLICARPA', 'ACTIVO'),
(802, 21, 'POTOSI', 'ACTIVO'),
(803, 21, 'PROVIDENCIA', 'ACTIVO'),
(804, 21, 'PUERRES', 'ACTIVO'),
(805, 21, 'PUPIALES', 'ACTIVO'),
(806, 21, 'RICAURTE', 'ACTIVO'),
(807, 21, 'ROBERTO PAYAN', 'ACTIVO'),
(808, 21, 'SAMANIEGO', 'ACTIVO'),
(809, 21, 'SAN BERNARDO', 'ACTIVO'),
(810, 21, 'SAN LORENZO', 'ACTIVO'),
(811, 21, 'SAN PABLO', 'ACTIVO'),
(812, 21, 'SAN PEDRO DE CARTAGO', 'ACTIVO'),
(813, 21, 'SANDONA', 'ACTIVO'),
(814, 21, 'SANTA BARBARA', 'ACTIVO'),
(815, 21, 'SANTACRUZ', 'ACTIVO'),
(816, 21, 'SAPUYES', 'ACTIVO'),
(817, 21, 'TAMINANGO', 'ACTIVO'),
(818, 21, 'TANGUA', 'ACTIVO'),
(819, 21, 'TUMACO', 'ACTIVO'),
(820, 21, 'TUQUERRES', 'ACTIVO'),
(821, 21, 'YACUANQUER', 'ACTIVO'),
(822, 22, 'ABREGO', 'ACTIVO'),
(823, 22, 'ARBOLEDAS', 'ACTIVO'),
(824, 22, 'BOCHALEMA', 'ACTIVO'),
(825, 22, 'BUCARASICA', 'ACTIVO'),
(826, 22, 'CÁCHIRA', 'ACTIVO'),
(827, 22, 'CÁCOTA', 'ACTIVO'),
(828, 22, 'CHINÁCOTA', 'ACTIVO'),
(829, 22, 'CHITAGÁ', 'ACTIVO'),
(830, 22, 'CONVENCIÓN', 'ACTIVO'),
(831, 22, 'CÚCUTA', 'ACTIVO'),
(832, 22, 'CUCUTILLA', 'ACTIVO'),
(833, 22, 'DURANIA', 'ACTIVO'),
(834, 22, 'EL CARMEN', 'ACTIVO'),
(835, 22, 'EL TARRA', 'ACTIVO'),
(836, 22, 'EL ZULIA', 'ACTIVO'),
(837, 22, 'GRAMALOTE', 'ACTIVO'),
(838, 22, 'HACARI', 'ACTIVO'),
(839, 22, 'HERRÁN', 'ACTIVO'),
(840, 22, 'LA ESPERANZA', 'ACTIVO'),
(841, 22, 'LA PLAYA', 'ACTIVO'),
(842, 22, 'LABATECA', 'ACTIVO'),
(843, 22, 'LOS PATIOS', 'ACTIVO'),
(844, 22, 'LOURDES', 'ACTIVO'),
(845, 22, 'MUTISCUA', 'ACTIVO'),
(846, 22, 'OCAÑA', 'ACTIVO'),
(847, 22, 'PAMPLONA', 'ACTIVO'),
(848, 22, 'PAMPLONITA', 'ACTIVO'),
(849, 22, 'PUERTO SANTANDER', 'ACTIVO'),
(850, 22, 'RAGONVALIA', 'ACTIVO'),
(851, 22, 'SALAZAR', 'ACTIVO'),
(852, 22, 'SAN CALIXTO', 'ACTIVO'),
(853, 22, 'SAN CAYETANO', 'ACTIVO'),
(854, 22, 'SANTIAGO', 'ACTIVO'),
(855, 22, 'SARDINATA', 'ACTIVO'),
(856, 22, 'SILOS', 'ACTIVO'),
(857, 22, 'TEORAMA', 'ACTIVO'),
(858, 22, 'TIBÚ', 'ACTIVO'),
(859, 22, 'TOLEDO', 'ACTIVO'),
(860, 22, 'VILLA CARO', 'ACTIVO'),
(861, 22, 'VILLA DEL ROSARIO', 'ACTIVO'),
(862, 23, 'COLÓN', 'ACTIVO'),
(863, 23, 'MOCOA', 'ACTIVO'),
(864, 23, 'ORITO', 'ACTIVO'),
(865, 23, 'PUERTO ASÍS', 'ACTIVO'),
(866, 23, 'PUERTO CAYCEDO', 'ACTIVO'),
(867, 23, 'PUERTO GUZMÁN', 'ACTIVO'),
(868, 23, 'PUERTO LEGUÍZAMO', 'ACTIVO'),
(869, 23, 'SAN FRANCISCO', 'ACTIVO'),
(870, 23, 'SAN MIGUEL', 'ACTIVO'),
(871, 23, 'SANTIAGO', 'ACTIVO'),
(872, 23, 'SIBUNDOY', 'ACTIVO'),
(873, 23, 'VALLE DEL GUAMUEZ', 'ACTIVO'),
(874, 23, 'VILLAGARZÓN', 'ACTIVO'),
(875, 24, 'ARMENIA', 'ACTIVO'),
(876, 24, 'BUENAVISTA', 'ACTIVO'),
(877, 24, 'CALARCÁ', 'ACTIVO'),
(878, 24, 'CIRCASIA', 'ACTIVO'),
(879, 24, 'CÓRDOBA', 'ACTIVO'),
(880, 24, 'FILANDIA', 'ACTIVO'),
(881, 24, 'GÉNOVA', 'ACTIVO'),
(882, 24, 'LA TEBAIDA', 'ACTIVO'),
(883, 24, 'MONTENEGRO', 'ACTIVO'),
(884, 24, 'PIJAO', 'ACTIVO'),
(885, 24, 'QUIMBAYA', 'ACTIVO'),
(886, 24, 'SALENTO', 'ACTIVO'),
(887, 25, 'APIA', 'ACTIVO'),
(888, 25, 'BALBOA', 'ACTIVO'),
(889, 25, 'BELÉN DE UMBRÍA', 'ACTIVO'),
(890, 25, 'DOS QUEBRADAS', 'ACTIVO'),
(891, 25, 'GUATICA', 'ACTIVO'),
(892, 25, 'LA CELIA', 'ACTIVO'),
(893, 25, 'LA VIRGINIA', 'ACTIVO'),
(894, 25, 'MARSELLA', 'ACTIVO'),
(895, 25, 'MISTRATO', 'ACTIVO'),
(896, 25, 'PEREIRA', 'ACTIVO'),
(897, 25, 'PUEBLO RICO', 'ACTIVO'),
(898, 25, 'QUINCHÍA', 'ACTIVO'),
(899, 25, 'SANTA ROSA DE CABAL', 'ACTIVO'),
(900, 25, 'SANTUARIO', 'ACTIVO'),
(901, 26, 'PROVIDENCIA', 'ACTIVO'),
(902, 26, 'SAN ANDRES', 'ACTIVO'),
(903, 26, 'SANTA CATALINA', 'ACTIVO'),
(904, 27, 'AGUADA', 'ACTIVO'),
(905, 27, 'ALBANIA', 'ACTIVO'),
(906, 27, 'ARATOCA', 'ACTIVO'),
(907, 27, 'BARBOSA', 'ACTIVO'),
(908, 27, 'BARICHARA', 'ACTIVO'),
(909, 27, 'BARRANCABERMEJA', 'ACTIVO'),
(910, 27, 'BETULIA', 'ACTIVO'),
(911, 27, 'BOLÍVAR', 'ACTIVO'),
(912, 27, 'BUCARAMANGA', 'ACTIVO'),
(913, 27, 'CABRERA', 'ACTIVO'),
(914, 27, 'CALIFORNIA', 'ACTIVO'),
(915, 27, 'CAPITANEJO', 'ACTIVO'),
(916, 27, 'CARCASI', 'ACTIVO'),
(917, 27, 'CEPITA', 'ACTIVO'),
(918, 27, 'CERRITO', 'ACTIVO'),
(919, 27, 'CHARALÁ', 'ACTIVO'),
(920, 27, 'CHARTA', 'ACTIVO'),
(921, 27, 'CHIMA', 'ACTIVO'),
(922, 27, 'CHIPATÁ', 'ACTIVO'),
(923, 27, 'CIMITARRA', 'ACTIVO'),
(924, 27, 'CONCEPCIÓN', 'ACTIVO'),
(925, 27, 'CONFINES', 'ACTIVO'),
(926, 27, 'CONTRATACIÓN', 'ACTIVO'),
(927, 27, 'COROMORO', 'ACTIVO'),
(928, 27, 'CURITÍ', 'ACTIVO'),
(929, 27, 'EL CARMEN', 'ACTIVO'),
(930, 27, 'EL GUACAMAYO', 'ACTIVO'),
(931, 27, 'EL PEÑÓN', 'ACTIVO'),
(932, 27, 'EL PLAYÓN', 'ACTIVO'),
(933, 27, 'ENCINO', 'ACTIVO'),
(934, 27, 'ENCISO', 'ACTIVO'),
(935, 27, 'FLORIÁN', 'ACTIVO'),
(936, 27, 'FLORIDABLANCA', 'ACTIVO'),
(937, 27, 'GALÁN', 'ACTIVO'),
(938, 27, 'GAMBITA', 'ACTIVO'),
(939, 27, 'GIRÓN', 'ACTIVO'),
(940, 27, 'GUACA', 'ACTIVO'),
(941, 27, 'GUADALUPE', 'ACTIVO'),
(942, 27, 'GUAPOTA', 'ACTIVO'),
(943, 27, 'GUAVATÁ', 'ACTIVO'),
(944, 27, 'GUEPSA', 'ACTIVO'),
(945, 27, 'HATO', 'ACTIVO'),
(946, 27, 'JESÚS MARIA', 'ACTIVO'),
(947, 27, 'JORDÁN', 'ACTIVO'),
(948, 27, 'LA BELLEZA', 'ACTIVO'),
(949, 27, 'LA PAZ', 'ACTIVO'),
(950, 27, 'LANDAZURI', 'ACTIVO'),
(951, 27, 'LEBRIJA', 'ACTIVO'),
(952, 27, 'LOS SANTOS', 'ACTIVO'),
(953, 27, 'MACARAVITA', 'ACTIVO'),
(954, 27, 'MÁLAGA', 'ACTIVO'),
(955, 27, 'MATANZA', 'ACTIVO'),
(956, 27, 'MOGOTES', 'ACTIVO'),
(957, 27, 'MOLAGAVITA', 'ACTIVO'),
(958, 27, 'OCAMONTE', 'ACTIVO'),
(959, 27, 'OIBA', 'ACTIVO'),
(960, 27, 'ONZAGA', 'ACTIVO'),
(961, 27, 'PALMAR', 'ACTIVO'),
(962, 27, 'PALMAS DEL SOCORRO', 'ACTIVO'),
(963, 27, 'PÁRAMO', 'ACTIVO'),
(964, 27, 'PIEDECUESTA', 'ACTIVO'),
(965, 27, 'PINCHOTE', 'ACTIVO'),
(966, 27, 'PUENTE NACIONAL', 'ACTIVO'),
(967, 27, 'PUERTO PARRA', 'ACTIVO'),
(968, 27, 'PUERTO WILCHES', 'ACTIVO'),
(969, 27, 'RIONEGRO', 'ACTIVO'),
(970, 27, 'SABANA DE TORRES', 'ACTIVO'),
(971, 27, 'SAN ANDRÉS', 'ACTIVO'),
(972, 27, 'SAN BENITO', 'ACTIVO'),
(973, 27, 'SAN GIL', 'ACTIVO'),
(974, 27, 'SAN JOAQUÍN', 'ACTIVO'),
(975, 27, 'SAN JOSÉ DE MIRANDA', 'ACTIVO'),
(976, 27, 'SAN MIGUEL', 'ACTIVO'),
(977, 27, 'SAN VICENTE DE CHUCURÍ', 'ACTIVO'),
(978, 27, 'SANTA BÁRBARA', 'ACTIVO'),
(979, 27, 'SANTA HELENA', 'ACTIVO'),
(980, 27, 'SIMACOTA', 'ACTIVO'),
(981, 27, 'SOCORRO', 'ACTIVO'),
(982, 27, 'SUAITA', 'ACTIVO'),
(983, 27, 'SUCRE', 'ACTIVO'),
(984, 27, 'SURATA', 'ACTIVO'),
(985, 27, 'TONA', 'ACTIVO'),
(986, 27, 'VALLE SAN JOSÉ', 'ACTIVO'),
(987, 27, 'VÉLEZ', 'ACTIVO'),
(988, 27, 'VETAS', 'ACTIVO'),
(989, 27, 'VILLANUEVA', 'ACTIVO'),
(990, 27, 'ZAPATOCA', 'ACTIVO'),
(991, 28, 'BUENAVISTA', 'ACTIVO'),
(992, 28, 'CAIMITO', 'ACTIVO'),
(993, 28, 'CHALÁN', 'ACTIVO'),
(994, 28, 'COLOSO', 'ACTIVO'),
(995, 28, 'COROZAL', 'ACTIVO'),
(996, 28, 'EL ROBLE', 'ACTIVO'),
(997, 28, 'GALERAS', 'ACTIVO'),
(998, 28, 'GUARANDA', 'ACTIVO'),
(999, 28, 'LA UNIÓN', 'ACTIVO'),
(1000, 28, 'LOS PALMITOS', 'ACTIVO'),
(1001, 28, 'MAJAGUAL', 'ACTIVO'),
(1002, 28, 'MORROA', 'ACTIVO'),
(1003, 28, 'OVEJAS', 'ACTIVO'),
(1004, 28, 'PALMITO', 'ACTIVO'),
(1005, 28, 'SAMPUES', 'ACTIVO'),
(1006, 28, 'SAN BENITO ABAD', 'ACTIVO'),
(1007, 28, 'SAN JUAN DE BETULIA', 'ACTIVO'),
(1008, 28, 'SAN MARCOS', 'ACTIVO'),
(1009, 28, 'SAN ONOFRE', 'ACTIVO'),
(1010, 28, 'SAN PEDRO', 'ACTIVO'),
(1011, 28, 'SINCÉ', 'ACTIVO'),
(1012, 28, 'SINCELEJO', 'ACTIVO'),
(1013, 28, 'SUCRE', 'ACTIVO'),
(1014, 28, 'TOLÚ', 'ACTIVO'),
(1015, 28, 'TOLUVIEJO', 'ACTIVO'),
(1016, 29, 'ALPUJARRA', 'ACTIVO'),
(1017, 29, 'ALVARADO', 'ACTIVO'),
(1018, 29, 'AMBALEMA', 'ACTIVO'),
(1019, 29, 'ANZOATEGUI', 'ACTIVO'),
(1020, 29, 'ARMERO (GUAYABAL)', 'ACTIVO'),
(1021, 29, 'ATACO', 'ACTIVO'),
(1022, 29, 'CAJAMARCA', 'ACTIVO'),
(1023, 29, 'CARMEN DE APICALÁ', 'ACTIVO'),
(1024, 29, 'CASABIANCA', 'ACTIVO'),
(1025, 29, 'CHAPARRAL', 'ACTIVO'),
(1026, 29, 'COELLO', 'ACTIVO'),
(1027, 29, 'COYAIMA', 'ACTIVO'),
(1028, 29, 'CUNDAY', 'ACTIVO'),
(1029, 29, 'DOLORES', 'ACTIVO'),
(1030, 29, 'ESPINAL', 'ACTIVO'),
(1031, 29, 'FALÁN', 'ACTIVO'),
(1032, 29, 'FLANDES', 'ACTIVO'),
(1033, 29, 'FRESNO', 'ACTIVO'),
(1034, 29, 'GUAMO', 'ACTIVO'),
(1035, 29, 'HERVEO', 'ACTIVO'),
(1036, 29, 'HONDA', 'ACTIVO'),
(1037, 29, 'IBAGUÉ', 'ACTIVO'),
(1038, 29, 'ICONONZO', 'ACTIVO'),
(1039, 29, 'LÉRIDA', 'ACTIVO'),
(1040, 29, 'LÍBANO', 'ACTIVO'),
(1041, 29, 'MARIQUITA', 'ACTIVO'),
(1042, 29, 'MELGAR', 'ACTIVO'),
(1043, 29, 'MURILLO', 'ACTIVO'),
(1044, 29, 'NATAGAIMA', 'ACTIVO'),
(1045, 29, 'ORTEGA', 'ACTIVO'),
(1046, 29, 'PALOCABILDO', 'ACTIVO'),
(1047, 29, 'PIEDRAS PLANADAS', 'ACTIVO'),
(1048, 29, 'PRADO', 'ACTIVO'),
(1049, 29, 'PURIFICACIÓN', 'ACTIVO'),
(1050, 29, 'RIOBLANCO', 'ACTIVO'),
(1051, 29, 'RONCESVALLES', 'ACTIVO'),
(1052, 29, 'ROVIRA', 'ACTIVO'),
(1053, 29, 'SALDAÑA', 'ACTIVO'),
(1054, 29, 'SAN ANTONIO', 'ACTIVO'),
(1055, 29, 'SAN LUIS', 'ACTIVO'),
(1056, 29, 'SANTA ISABEL', 'ACTIVO'),
(1057, 29, 'SUÁREZ', 'ACTIVO'),
(1058, 29, 'VALLE DE SAN JUAN', 'ACTIVO'),
(1059, 29, 'VENADILLO', 'ACTIVO'),
(1060, 29, 'VILLAHERMOSA', 'ACTIVO'),
(1061, 29, 'VILLARRICA', 'ACTIVO'),
(1062, 30, 'ALCALÁ', 'ACTIVO'),
(1063, 30, 'ANDALUCÍA', 'ACTIVO'),
(1064, 30, 'ANSERMA NUEVO', 'ACTIVO'),
(1065, 30, 'ARGELIA', 'ACTIVO'),
(1066, 30, 'BOLÍVAR', 'ACTIVO'),
(1067, 30, 'BUENAVENTURA', 'ACTIVO'),
(1068, 30, 'BUGA', 'ACTIVO'),
(1069, 30, 'BUGALAGRANDE', 'ACTIVO'),
(1070, 30, 'CAICEDONIA', 'ACTIVO'),
(1071, 30, 'CALI', 'ACTIVO'),
(1072, 30, 'CALIMA (DARIEN)', 'ACTIVO'),
(1073, 30, 'CANDELARIA', 'ACTIVO'),
(1074, 30, 'CARTAGO', 'ACTIVO'),
(1075, 30, 'DAGUA', 'ACTIVO'),
(1076, 30, 'EL AGUILA', 'ACTIVO'),
(1077, 30, 'EL CAIRO', 'ACTIVO'),
(1078, 30, 'EL CERRITO', 'ACTIVO'),
(1079, 30, 'EL DOVIO', 'ACTIVO'),
(1080, 30, 'FLORIDA', 'ACTIVO'),
(1081, 30, 'GINEBRA GUACARI', 'ACTIVO'),
(1082, 30, 'JAMUNDÍ', 'ACTIVO'),
(1083, 30, 'LA CUMBRE', 'ACTIVO'),
(1084, 30, 'LA UNIÓN', 'ACTIVO'),
(1085, 30, 'LA VICTORIA', 'ACTIVO'),
(1086, 30, 'OBANDO', 'ACTIVO'),
(1087, 30, 'PALMIRA', 'ACTIVO'),
(1088, 30, 'PRADERA', 'ACTIVO'),
(1089, 30, 'RESTREPO', 'ACTIVO'),
(1090, 30, 'RIO FRÍO', 'ACTIVO'),
(1091, 30, 'ROLDANILLO', 'ACTIVO'),
(1092, 30, 'SAN PEDRO', 'ACTIVO'),
(1093, 30, 'SEVILLA', 'ACTIVO'),
(1094, 30, 'TORO', 'ACTIVO'),
(1095, 30, 'TRUJILLO', 'ACTIVO'),
(1096, 30, 'TULÚA', 'ACTIVO'),
(1097, 30, 'ULLOA', 'ACTIVO'),
(1098, 30, 'VERSALLES', 'ACTIVO'),
(1099, 30, 'VIJES', 'ACTIVO'),
(1100, 30, 'YOTOCO', 'ACTIVO'),
(1101, 30, 'YUMBO', 'ACTIVO'),
(1102, 30, 'ZARZAL', 'ACTIVO'),
(1103, 31, 'CARURÚ', 'ACTIVO'),
(1104, 31, 'MITÚ', 'ACTIVO'),
(1105, 31, 'PACOA', 'ACTIVO'),
(1106, 31, 'PAPUNAUA', 'ACTIVO'),
(1107, 31, 'TARAIRA', 'ACTIVO'),
(1108, 31, 'YAVARATÉ', 'ACTIVO'),
(1109, 32, 'CUMARIBO', 'ACTIVO'),
(1110, 32, 'LA PRIMAVERA', 'ACTIVO'),
(1111, 32, 'PUERTO CARREÑO', 'ACTIVO'),
(1112, 32, 'SANTA ROSALIA', 'ACTIVO');

-- --------------------------------------------------------

--
-- Estructura de tabla para la tabla `perfil`
--

CREATE TABLE `perfil` (
  `id` int(11) NOT NULL,
  `nombre` varchar(40) NOT NULL,
  `estado` enum('ACTIVO','INACTIVO') NOT NULL
) ENGINE=InnoDB DEFAULT CHARSET=latin1;

--
-- Volcado de datos para la tabla `perfil`
--

INSERT INTO `perfil` (`id`, `nombre`, `estado`) VALUES
(1, 'SUPERADMINISTRADOR', 'ACTIVO'),
(2, 'EMPLEADOS', 'ACTIVO'),
(3, 'EMPRESA', 'ACTIVO'),
(4, 'SUCURSAL', 'ACTIVO');

-- --------------------------------------------------------

--
-- Estructura de tabla para la tabla `perfilpermisos`
--

CREATE TABLE `perfilpermisos` (
  `id` int(11) NOT NULL,
  `idperfil` int(11) NOT NULL,
  `idpermiso` int(11) NOT NULL,
  `idmodulo` int(11) NOT NULL
) ENGINE=InnoDB DEFAULT CHARSET=latin1;

--
-- Volcado de datos para la tabla `perfilpermisos`
--

INSERT INTO `perfilpermisos` (`id`, `idperfil`, `idpermiso`, `idmodulo`) VALUES
(1, 1, 1, 1),
(2, 1, 2, 1),
(4, 1, 4, 2),
(5, 3, 3, 2),
(6, 3, 4, 2),
(8, 3, 7, 5),
(10, 4, 6, 4),
(11, 1, 5, 3),
(12, 1, 7, 5),
(13, 4, 6, 4);

-- --------------------------------------------------------

--
-- Estructura de tabla para la tabla `permisos`
--

CREATE TABLE `permisos` (
  `id` int(11) NOT NULL,
  `nombre` varchar(40) NOT NULL,
  `modulo` varchar(40) NOT NULL,
  `estado` enum('ACTIVO','INACTIVO') NOT NULL
) ENGINE=InnoDB DEFAULT CHARSET=latin1;

--
-- Volcado de datos para la tabla `permisos`
--

INSERT INTO `permisos` (`id`, `nombre`, `modulo`, `estado`) VALUES
(1, 'REGISTRAR EMPRESAS', 'CONFIGURACION', 'ACTIVO'),
(2, 'LISTA EMPRESAS', 'CONFIGURACION', 'ACTIVO'),
(3, 'REGISTRAR SUCURSALES', 'CONFIGURACION', 'ACTIVO'),
(4, 'LISTA SUCURSALES', 'CONFIGURACION', 'ACTIVO'),
(5, 'REGISTRAR SECTORES', 'CONFIGURACION', 'ACTIVO'),
(6, 'REGISTRAR EMPLEADOS', 'CONFIGURACION', 'ACTIVO'),
(7, 'REGISTRAR SERVICIOS', 'CONFIGURACION', 'ACTIVO');

-- --------------------------------------------------------

--
-- Estructura de tabla para la tabla `sector`
--

CREATE TABLE `sector` (
  `id` int(10) UNSIGNED NOT NULL,
  `nombre` varchar(30) NOT NULL,
  `descripcion` varchar(128) DEFAULT NULL,
  `estado` enum('ACTIVO','INACTIVO') NOT NULL,
  `logo` varchar(40) DEFAULT NULL
) ENGINE=InnoDB DEFAULT CHARSET=latin1;

--
-- Volcado de datos para la tabla `sector`
--

INSERT INTO `sector` (`id`, `nombre`, `descripcion`, `estado`, `logo`) VALUES
(1, 'Peluquerias', 'Sector de arreglo', 'ACTIVO', '/imagenes/empresa_1.png'),
(2, 'Lavaderos', 'Lavadero de autos', 'ACTIVO', '/imagenes/sector_2.png'),
(3, 'Canchas', 'Sector de alquiler de canchas', 'ACTIVO', '/imagenes/empresa_3.png'),
(6, 'Bancos', 'Sector bancos', 'ACTIVO', '/imagenes/empresa_6.png');

-- --------------------------------------------------------

--
-- Estructura de tabla para la tabla `sectorempresa`
--

CREATE TABLE `sectorempresa` (
  `id` int(10) UNSIGNED NOT NULL,
  `idSector` int(10) UNSIGNED NOT NULL,
  `idEmpresa` int(10) UNSIGNED NOT NULL
) ENGINE=InnoDB DEFAULT CHARSET=latin1;

--
-- Volcado de datos para la tabla `sectorempresa`
--

INSERT INTO `sectorempresa` (`id`, `idSector`, `idEmpresa`) VALUES
(10, 2, 43),
(11, 3, 43),
(32, 1, 67),
(33, 2, 68),
(34, 2, 69);

-- --------------------------------------------------------

--
-- Estructura de tabla para la tabla `servicio`
--

CREATE TABLE `servicio` (
  `id` int(10) UNSIGNED NOT NULL,
  `nombre` varchar(40) NOT NULL,
  `descripcion` varchar(128) DEFAULT NULL,
  `estado` enum('ACTIVO','INACTIVO') NOT NULL
) ENGINE=InnoDB DEFAULT CHARSET=latin1;

--
-- Volcado de datos para la tabla `servicio`
--

INSERT INTO `servicio` (`id`, `nombre`, `descripcion`, `estado`) VALUES
(14, 'Arreglar uñas', 'arreglo de uñas', 'ACTIVO'),
(15, 'motilar', 'corte de cabello', 'ACTIVO'),
(16, 'Lavar carros', 'Lavadero de carros', 'ACTIVO'),
(17, 'alquiler de canchas', 'alquiler de canchas', 'ACTIVO'),
(18, 'Cepillado', 'Cepillado de cabello', 'ACTIVO'),
(19, 'Enguage extra', 'súper enguage', 'ACTIVO'),
(20, 'Poner arbitros', 'agregar arbitros', 'INACTIVO'),
(21, 'Dar agua', 'agregar bolsa de agua', 'ACTIVO');

-- --------------------------------------------------------

--
-- Estructura de tabla para la tabla `serviciosempleado`
--

CREATE TABLE `serviciosempleado` (
  `id` int(10) UNSIGNED NOT NULL,
  `idEmpleado` int(10) UNSIGNED NOT NULL,
  `idServicio` int(10) UNSIGNED NOT NULL
) ENGINE=InnoDB DEFAULT CHARSET=latin1;

--
-- Volcado de datos para la tabla `serviciosempleado`
--

INSERT INTO `serviciosempleado` (`id`, `idEmpleado`, `idServicio`) VALUES
(6, 28, 16),
(7, 17, 17),
(8, 28, 16),
(9, 28, 17),
(10, 28, 16),
(11, 56, 16),
(12, 56, 19);

-- --------------------------------------------------------

--
-- Estructura de tabla para la tabla `serviciossector`
--

CREATE TABLE `serviciossector` (
  `id` int(10) UNSIGNED NOT NULL,
  `idSector` int(10) UNSIGNED NOT NULL,
  `idServicio` int(10) UNSIGNED NOT NULL
) ENGINE=InnoDB DEFAULT CHARSET=latin1;

--
-- Volcado de datos para la tabla `serviciossector`
--

INSERT INTO `serviciossector` (`id`, `idSector`, `idServicio`) VALUES
(7, 1, 14),
(8, 1, 15),
(9, 2, 16),
(10, 3, 17),
(11, 1, 18),
(12, 2, 19),
(13, 3, 20),
(14, 3, 21);

-- --------------------------------------------------------

--
-- Estructura de tabla para la tabla `serviciossucursal`
--

CREATE TABLE `serviciossucursal` (
  `id` int(10) UNSIGNED NOT NULL,
  `idServicio` int(10) UNSIGNED NOT NULL,
  `idSucursal` int(10) UNSIGNED NOT NULL,
  `precio` float UNSIGNED DEFAULT NULL,
  `precioVIP` float UNSIGNED DEFAULT NULL
) ENGINE=InnoDB DEFAULT CHARSET=latin1;

--
-- Volcado de datos para la tabla `serviciossucursal`
--

INSERT INTO `serviciossucursal` (`id`, `idServicio`, `idSucursal`, `precio`, `precioVIP`) VALUES
(37, 16, 5, NULL, NULL),
(38, 19, 5, NULL, NULL),
(39, 17, 5, NULL, NULL),
(40, 20, 9, NULL, NULL),
(41, 19, 9, NULL, NULL),
(42, 16, 9, NULL, NULL),
(45, 17, 10, NULL, NULL),
(46, 19, 11, NULL, NULL),
(47, 16, 11, NULL, NULL);

-- --------------------------------------------------------

--
-- Estructura de tabla para la tabla `sucursal`
--

CREATE TABLE `sucursal` (
  `id` int(10) UNSIGNED NOT NULL,
  `idEmpresa` int(10) UNSIGNED NOT NULL,
  `idMunicipio` int(10) UNSIGNED NOT NULL,
  `nombre` varchar(30) NOT NULL,
  `direccion` varchar(20) DEFAULT NULL,
  `telefono` varchar(12) NOT NULL,
  `latitud` varchar(12) NOT NULL,
  `longitud` varchar(12) NOT NULL,
  `promedio` float DEFAULT NULL,
  `estado` enum('ACTIVO','INACTIVO') NOT NULL,
  `usuario` varchar(40) DEFAULT NULL,
  `pass` varchar(50) NOT NULL
) ENGINE=InnoDB DEFAULT CHARSET=latin1;

--
-- Volcado de datos para la tabla `sucursal`
--

INSERT INTO `sucursal` (`id`, `idEmpresa`, `idMunicipio`, `nombre`, `direccion`, `telefono`, `latitud`, `longitud`, `promedio`, `estado`, `usuario`, `pass`) VALUES
(5, 43, 458, 'Fortín la 4ta', 'carrera 4 calle 16', '3232323', '10.472662291', '-73.23876857', 6, 'ACTIVO', NULL, ''),
(9, 43, 458, 'Lavado la 4ta', '', '3004883', '10.475489708', '-73.24147224', 3, 'ACTIVO', NULL, ''),
(10, 43, 458, 'Fortín la 23', 'carrera 23 calle 12', '3007373', '10.472788892', '-73.26773643', 3, 'ACTIVO', NULL, ''),
(11, 68, 458, 'Biblos', '', '(322) 234-23', '10.469328437', '-73.26292857', 3, 'ACTIVO', NULL, '');

-- --------------------------------------------------------

--
-- Estructura de tabla para la tabla `tipoturno`
--

CREATE TABLE `tipoturno` (
  `id` int(10) UNSIGNED NOT NULL,
  `nombre` varchar(15) NOT NULL,
  `estado` enum('ACTIVO','INACTIVO') NOT NULL,
  `prioridad` tinyint(4) NOT NULL
) ENGINE=InnoDB DEFAULT CHARSET=latin1;

--
-- Volcado de datos para la tabla `tipoturno`
--

INSERT INTO `tipoturno` (`id`, `nombre`, `estado`, `prioridad`) VALUES
(1, 'NORMAL', 'ACTIVO', 3),
(2, 'VIP', 'ACTIVO', 1),
(3, 'PREFERENCIAL', 'ACTIVO', 2);

-- --------------------------------------------------------

--
-- Estructura de tabla para la tabla `tipoturnosector`
--

CREATE TABLE `tipoturnosector` (
  `id` int(10) UNSIGNED NOT NULL,
  `idsector` int(10) UNSIGNED NOT NULL,
  `idtipoturno` int(10) UNSIGNED NOT NULL
) ENGINE=InnoDB DEFAULT CHARSET=latin1;

-- --------------------------------------------------------

--
-- Estructura de tabla para la tabla `turno`
--

CREATE TABLE `turno` (
  `id` int(10) UNSIGNED NOT NULL,
  `idCliente` int(10) UNSIGNED NOT NULL,
  `idServicio` int(10) UNSIGNED NOT NULL,
  `idSucursal` int(10) UNSIGNED NOT NULL,
  `idEmpleado` int(10) UNSIGNED NOT NULL,
  `fechaSolicitud` datetime NOT NULL DEFAULT CURRENT_TIMESTAMP,
  `fechaInicio` datetime DEFAULT NULL,
  `fechaFinal` datetime DEFAULT NULL,
  `tiempo` smallint(6) DEFAULT '0',
  `turno` int(10) UNSIGNED NOT NULL,
  `avisado` tinyint(1) NOT NULL DEFAULT '0',
  `tipoTurno` int(10) UNSIGNED NOT NULL,
  `estadoTurno` enum('SOLICITADO','CONFIRMADO','TERMINADO','CANCELADO','ATENDIENDO') NOT NULL,
  `estado` enum('ACTIVO','INACTIVO') NOT NULL
) ENGINE=InnoDB DEFAULT CHARSET=latin1;

--
-- Volcado de datos para la tabla `turno`
--

INSERT INTO `turno` (`id`, `idCliente`, `idServicio`, `idSucursal`, `idEmpleado`, `fechaSolicitud`, `fechaInicio`, `fechaFinal`, `tiempo`, `turno`, `avisado`, `tipoTurno`, `estadoTurno`, `estado`) VALUES
(13, 2, 17, 5, 17, '2016-03-04 16:33:21', NULL, NULL, 0, 1, 0, 3, 'CANCELADO', 'ACTIVO'),
(14, 2, 17, 5, 17, '2016-03-04 16:36:23', '2016-03-04 11:52:02', '2016-03-04 11:52:08', 0, 1, 0, 2, 'TERMINADO', 'ACTIVO'),
(15, 3, 17, 5, 17, '2016-03-04 23:54:04', '2016-03-04 11:54:54', '2016-03-04 11:55:02', 0, 1, 0, 3, 'TERMINADO', 'ACTIVO'),
(16, 3, 17, 5, 17, '2016-03-04 23:56:44', '2016-03-04 11:56:59', '2016-03-04 11:57:02', 0, 1, 0, 1, 'TERMINADO', 'ACTIVO'),
(17, 2, 17, 5, 17, '2016-03-05 19:13:46', NULL, NULL, 0, 1, 0, 1, 'CANCELADO', 'ACTIVO'),
(18, 4, 16, 11, 56, '2016-03-05 19:34:42', '2016-03-05 07:44:18', '2016-03-05 07:47:36', 0, 1, 0, 1, 'TERMINADO', 'ACTIVO'),
(19, 2, 19, 11, 56, '2016-03-05 19:46:26', '2016-03-05 07:48:36', '2016-03-05 07:48:38', 0, 1, 1, 1, 'TERMINADO', 'ACTIVO'),
(20, 6, 16, 11, 56, '2016-03-05 19:46:30', '2016-03-05 07:58:46', '2016-03-05 08:00:52', 0, 2, 0, 1, 'TERMINADO', 'ACTIVO'),
(21, 4, 16, 11, 56, '2016-03-05 19:47:50', '2016-03-05 08:01:00', '2016-03-05 08:01:06', 0, 3, 1, 1, 'TERMINADO', 'ACTIVO'),
(22, 2, 19, 11, 56, '2016-03-05 19:59:32', '2016-03-05 07:59:52', '2016-03-05 07:59:55', 0, 1, 0, 1, 'TERMINADO', 'ACTIVO'),
(23, 2, 16, 11, 56, '2016-03-05 20:00:45', NULL, NULL, 0, 4, 0, 1, 'CANCELADO', 'ACTIVO'),
(24, 4, 16, 11, 56, '2016-03-05 20:01:29', '2016-03-05 08:03:13', '2016-03-05 08:06:12', 0, 1, 1, 1, 'TERMINADO', 'ACTIVO'),
(25, 2, 16, 11, 56, '2016-03-05 20:01:42', NULL, NULL, 0, 2, 1, 1, 'CONFIRMADO', 'ACTIVO'),
(26, 7, 16, 11, 56, '2016-03-05 20:01:48', NULL, NULL, 0, 3, 1, 1, 'CONFIRMADO', 'ACTIVO'),
(27, 8, 16, 11, 56, '2016-03-05 20:02:35', '2016-03-05 08:02:58', '2016-03-05 08:03:01', 0, 4, 0, 2, 'TERMINADO', 'ACTIVO');

--
-- Índices para tablas volcadas
--

--
-- Indices de la tabla `calificacion`
--
ALTER TABLE `calificacion`
  ADD PRIMARY KEY (`id`),
  ADD KEY `idTurno` (`idTurno`);

--
-- Indices de la tabla `calificacioncliente`
--
ALTER TABLE `calificacioncliente`
  ADD PRIMARY KEY (`id`),
  ADD KEY `idCliente` (`idCliente`),
  ADD KEY `idEmpleado` (`idEmpleado`);

--
-- Indices de la tabla `cliente`
--
ALTER TABLE `cliente`
  ADD PRIMARY KEY (`id`),
  ADD UNIQUE KEY `email` (`email`);

--
-- Indices de la tabla `departamento`
--
ALTER TABLE `departamento`
  ADD PRIMARY KEY (`id`);

--
-- Indices de la tabla `empleado`
--
ALTER TABLE `empleado`
  ADD PRIMARY KEY (`id`),
  ADD UNIQUE KEY `identificacion` (`identificacion`),
  ADD KEY `idSucursal` (`idSucursal`),
  ADD KEY `idEmpresa` (`idEmpresa`),
  ADD KEY `idPerfil` (`idPerfil`);

--
-- Indices de la tabla `empresa`
--
ALTER TABLE `empresa`
  ADD PRIMARY KEY (`id`),
  ADD UNIQUE KEY `nit` (`nit`);

--
-- Indices de la tabla `estadoturno`
--
ALTER TABLE `estadoturno`
  ADD PRIMARY KEY (`id`);

--
-- Indices de la tabla `modulos`
--
ALTER TABLE `modulos`
  ADD PRIMARY KEY (`id`);

--
-- Indices de la tabla `municipio`
--
ALTER TABLE `municipio`
  ADD PRIMARY KEY (`id`),
  ADD KEY `idDepartamento` (`idDepartamento`);

--
-- Indices de la tabla `perfil`
--
ALTER TABLE `perfil`
  ADD PRIMARY KEY (`id`);

--
-- Indices de la tabla `perfilpermisos`
--
ALTER TABLE `perfilpermisos`
  ADD PRIMARY KEY (`id`),
  ADD KEY `idperfil` (`idperfil`),
  ADD KEY `idpermiso` (`idpermiso`),
  ADD KEY `idmodulo` (`idmodulo`);

--
-- Indices de la tabla `permisos`
--
ALTER TABLE `permisos`
  ADD PRIMARY KEY (`id`);

--
-- Indices de la tabla `sector`
--
ALTER TABLE `sector`
  ADD PRIMARY KEY (`id`);

--
-- Indices de la tabla `sectorempresa`
--
ALTER TABLE `sectorempresa`
  ADD PRIMARY KEY (`id`),
  ADD KEY `idSector` (`idSector`),
  ADD KEY `idEmpresa` (`idEmpresa`);

--
-- Indices de la tabla `servicio`
--
ALTER TABLE `servicio`
  ADD PRIMARY KEY (`id`);

--
-- Indices de la tabla `serviciosempleado`
--
ALTER TABLE `serviciosempleado`
  ADD PRIMARY KEY (`id`),
  ADD KEY `idUsuario` (`idEmpleado`),
  ADD KEY `idServicio` (`idServicio`);

--
-- Indices de la tabla `serviciossector`
--
ALTER TABLE `serviciossector`
  ADD PRIMARY KEY (`id`),
  ADD KEY `idSector` (`idSector`),
  ADD KEY `idServicio` (`idServicio`);

--
-- Indices de la tabla `serviciossucursal`
--
ALTER TABLE `serviciossucursal`
  ADD PRIMARY KEY (`id`),
  ADD KEY `idServicio` (`idServicio`),
  ADD KEY `idSucursal` (`idSucursal`);

--
-- Indices de la tabla `sucursal`
--
ALTER TABLE `sucursal`
  ADD PRIMARY KEY (`id`),
  ADD KEY `idEmpresa` (`idEmpresa`),
  ADD KEY `idMunicipio` (`idMunicipio`);

--
-- Indices de la tabla `tipoturno`
--
ALTER TABLE `tipoturno`
  ADD PRIMARY KEY (`id`);

--
-- Indices de la tabla `tipoturnosector`
--
ALTER TABLE `tipoturnosector`
  ADD PRIMARY KEY (`id`),
  ADD KEY `idsector` (`idsector`),
  ADD KEY `idtipoturno` (`idtipoturno`);

--
-- Indices de la tabla `turno`
--
ALTER TABLE `turno`
  ADD PRIMARY KEY (`id`),
  ADD KEY `idCliente` (`idCliente`),
  ADD KEY `idServicio` (`idServicio`),
  ADD KEY `idSucursal` (`idSucursal`),
  ADD KEY `idUsuario` (`idEmpleado`),
  ADD KEY `idTipoTurno` (`tipoTurno`),
  ADD KEY `idEstadoTurno` (`estadoTurno`),
  ADD KEY `tipoTurno` (`tipoTurno`);

--
-- AUTO_INCREMENT de las tablas volcadas
--

--
-- AUTO_INCREMENT de la tabla `calificacion`
--
ALTER TABLE `calificacion`
  MODIFY `id` int(10) UNSIGNED NOT NULL AUTO_INCREMENT;
--
-- AUTO_INCREMENT de la tabla `calificacioncliente`
--
ALTER TABLE `calificacioncliente`
  MODIFY `id` int(10) UNSIGNED NOT NULL AUTO_INCREMENT, AUTO_INCREMENT=9;
--
-- AUTO_INCREMENT de la tabla `cliente`
--
ALTER TABLE `cliente`
  MODIFY `id` int(10) UNSIGNED NOT NULL AUTO_INCREMENT, AUTO_INCREMENT=9;
--
-- AUTO_INCREMENT de la tabla `departamento`
--
ALTER TABLE `departamento`
  MODIFY `id` int(10) UNSIGNED NOT NULL AUTO_INCREMENT, AUTO_INCREMENT=33;
--
-- AUTO_INCREMENT de la tabla `empleado`
--
ALTER TABLE `empleado`
  MODIFY `id` int(10) UNSIGNED NOT NULL AUTO_INCREMENT, AUTO_INCREMENT=57;
--
-- AUTO_INCREMENT de la tabla `empresa`
--
ALTER TABLE `empresa`
  MODIFY `id` int(10) UNSIGNED NOT NULL AUTO_INCREMENT, AUTO_INCREMENT=70;
--
-- AUTO_INCREMENT de la tabla `estadoturno`
--
ALTER TABLE `estadoturno`
  MODIFY `id` int(10) UNSIGNED NOT NULL AUTO_INCREMENT;
--
-- AUTO_INCREMENT de la tabla `modulos`
--
ALTER TABLE `modulos`
  MODIFY `id` int(11) NOT NULL AUTO_INCREMENT, AUTO_INCREMENT=6;
--
-- AUTO_INCREMENT de la tabla `municipio`
--
ALTER TABLE `municipio`
  MODIFY `id` int(10) UNSIGNED NOT NULL AUTO_INCREMENT, AUTO_INCREMENT=1113;
--
-- AUTO_INCREMENT de la tabla `perfil`
--
ALTER TABLE `perfil`
  MODIFY `id` int(11) NOT NULL AUTO_INCREMENT, AUTO_INCREMENT=5;
--
-- AUTO_INCREMENT de la tabla `perfilpermisos`
--
ALTER TABLE `perfilpermisos`
  MODIFY `id` int(11) NOT NULL AUTO_INCREMENT, AUTO_INCREMENT=14;
--
-- AUTO_INCREMENT de la tabla `permisos`
--
ALTER TABLE `permisos`
  MODIFY `id` int(11) NOT NULL AUTO_INCREMENT, AUTO_INCREMENT=8;
--
-- AUTO_INCREMENT de la tabla `sector`
--
ALTER TABLE `sector`
  MODIFY `id` int(10) UNSIGNED NOT NULL AUTO_INCREMENT, AUTO_INCREMENT=7;
--
-- AUTO_INCREMENT de la tabla `sectorempresa`
--
ALTER TABLE `sectorempresa`
  MODIFY `id` int(10) UNSIGNED NOT NULL AUTO_INCREMENT, AUTO_INCREMENT=35;
--
-- AUTO_INCREMENT de la tabla `servicio`
--
ALTER TABLE `servicio`
  MODIFY `id` int(10) UNSIGNED NOT NULL AUTO_INCREMENT, AUTO_INCREMENT=22;
--
-- AUTO_INCREMENT de la tabla `serviciosempleado`
--
ALTER TABLE `serviciosempleado`
  MODIFY `id` int(10) UNSIGNED NOT NULL AUTO_INCREMENT, AUTO_INCREMENT=13;
--
-- AUTO_INCREMENT de la tabla `serviciossector`
--
ALTER TABLE `serviciossector`
  MODIFY `id` int(10) UNSIGNED NOT NULL AUTO_INCREMENT, AUTO_INCREMENT=15;
--
-- AUTO_INCREMENT de la tabla `serviciossucursal`
--
ALTER TABLE `serviciossucursal`
  MODIFY `id` int(10) UNSIGNED NOT NULL AUTO_INCREMENT, AUTO_INCREMENT=48;
--
-- AUTO_INCREMENT de la tabla `sucursal`
--
ALTER TABLE `sucursal`
  MODIFY `id` int(10) UNSIGNED NOT NULL AUTO_INCREMENT, AUTO_INCREMENT=12;
--
-- AUTO_INCREMENT de la tabla `tipoturno`
--
ALTER TABLE `tipoturno`
  MODIFY `id` int(10) UNSIGNED NOT NULL AUTO_INCREMENT, AUTO_INCREMENT=4;
--
-- AUTO_INCREMENT de la tabla `tipoturnosector`
--
ALTER TABLE `tipoturnosector`
  MODIFY `id` int(10) UNSIGNED NOT NULL AUTO_INCREMENT;
--
-- AUTO_INCREMENT de la tabla `turno`
--
ALTER TABLE `turno`
  MODIFY `id` int(10) UNSIGNED NOT NULL AUTO_INCREMENT, AUTO_INCREMENT=28;
--
-- Restricciones para tablas volcadas
--

--
-- Filtros para la tabla `calificacion`
--
ALTER TABLE `calificacion`
  ADD CONSTRAINT `calificacion_ibfk_1` FOREIGN KEY (`idTurno`) REFERENCES `turno` (`id`) ON UPDATE CASCADE;

--
-- Filtros para la tabla `calificacioncliente`
--
ALTER TABLE `calificacioncliente`
  ADD CONSTRAINT `calificacioncliente_ibfk_1` FOREIGN KEY (`idCliente`) REFERENCES `cliente` (`id`) ON UPDATE CASCADE,
  ADD CONSTRAINT `calificacioncliente_ibfk_2` FOREIGN KEY (`idEmpleado`) REFERENCES `empleado` (`id`) ON UPDATE CASCADE;

--
-- Filtros para la tabla `empleado`
--
ALTER TABLE `empleado`
  ADD CONSTRAINT `empleado_ibfk_1` FOREIGN KEY (`idSucursal`) REFERENCES `sucursal` (`id`) ON UPDATE CASCADE,
  ADD CONSTRAINT `empleado_ibfk_2` FOREIGN KEY (`idEmpresa`) REFERENCES `empresa` (`id`) ON UPDATE CASCADE,
  ADD CONSTRAINT `empleado_ibfk_3` FOREIGN KEY (`idPerfil`) REFERENCES `perfil` (`id`) ON UPDATE CASCADE;

--
-- Filtros para la tabla `municipio`
--
ALTER TABLE `municipio`
  ADD CONSTRAINT `municipio_ibfk_1` FOREIGN KEY (`idDepartamento`) REFERENCES `departamento` (`id`) ON UPDATE CASCADE;

--
-- Filtros para la tabla `perfilpermisos`
--
ALTER TABLE `perfilpermisos`
  ADD CONSTRAINT `perfilpermisos_ibfk_1` FOREIGN KEY (`idperfil`) REFERENCES `perfil` (`id`) ON UPDATE CASCADE,
  ADD CONSTRAINT `perfilpermisos_ibfk_2` FOREIGN KEY (`idpermiso`) REFERENCES `permisos` (`id`) ON UPDATE CASCADE,
  ADD CONSTRAINT `perfilpermisos_ibfk_3` FOREIGN KEY (`idmodulo`) REFERENCES `modulos` (`id`);

--
-- Filtros para la tabla `sectorempresa`
--
ALTER TABLE `sectorempresa`
  ADD CONSTRAINT `sectorempresa_ibfk_1` FOREIGN KEY (`idSector`) REFERENCES `sector` (`id`) ON UPDATE CASCADE,
  ADD CONSTRAINT `sectorempresa_ibfk_2` FOREIGN KEY (`idEmpresa`) REFERENCES `empresa` (`id`) ON UPDATE CASCADE;

--
-- Filtros para la tabla `serviciosempleado`
--
ALTER TABLE `serviciosempleado`
  ADD CONSTRAINT `serviciosempleado_ibfk_1` FOREIGN KEY (`idEmpleado`) REFERENCES `empleado` (`id`) ON UPDATE CASCADE,
  ADD CONSTRAINT `serviciosempleado_ibfk_2` FOREIGN KEY (`idServicio`) REFERENCES `servicio` (`id`) ON UPDATE CASCADE;

--
-- Filtros para la tabla `serviciossector`
--
ALTER TABLE `serviciossector`
  ADD CONSTRAINT `serviciossector_ibfk_1` FOREIGN KEY (`idSector`) REFERENCES `sector` (`id`) ON UPDATE CASCADE,
  ADD CONSTRAINT `serviciossector_ibfk_2` FOREIGN KEY (`idServicio`) REFERENCES `servicio` (`id`) ON UPDATE CASCADE;

--
-- Filtros para la tabla `serviciossucursal`
--
ALTER TABLE `serviciossucursal`
  ADD CONSTRAINT `serviciossucursal_ibfk_1` FOREIGN KEY (`idServicio`) REFERENCES `servicio` (`id`) ON UPDATE CASCADE,
  ADD CONSTRAINT `serviciossucursal_ibfk_2` FOREIGN KEY (`idSucursal`) REFERENCES `sucursal` (`id`) ON UPDATE CASCADE;

--
-- Filtros para la tabla `sucursal`
--
ALTER TABLE `sucursal`
  ADD CONSTRAINT `sucursal_ibfk_1` FOREIGN KEY (`idEmpresa`) REFERENCES `empresa` (`id`) ON UPDATE CASCADE,
  ADD CONSTRAINT `sucursal_ibfk_2` FOREIGN KEY (`idMunicipio`) REFERENCES `municipio` (`id`) ON UPDATE CASCADE;

--
-- Filtros para la tabla `tipoturnosector`
--
ALTER TABLE `tipoturnosector`
  ADD CONSTRAINT `tipoturnosector_ibfk_1` FOREIGN KEY (`idsector`) REFERENCES `sector` (`id`) ON UPDATE CASCADE,
  ADD CONSTRAINT `tipoturnosector_ibfk_2` FOREIGN KEY (`idtipoturno`) REFERENCES `tipoturno` (`id`);

--
-- Filtros para la tabla `turno`
--
ALTER TABLE `turno`
  ADD CONSTRAINT `turno_ibfk_1` FOREIGN KEY (`idCliente`) REFERENCES `cliente` (`id`) ON UPDATE CASCADE,
  ADD CONSTRAINT `turno_ibfk_2` FOREIGN KEY (`idServicio`) REFERENCES `servicio` (`id`) ON UPDATE CASCADE,
  ADD CONSTRAINT `turno_ibfk_3` FOREIGN KEY (`idSucursal`) REFERENCES `sucursal` (`id`) ON UPDATE CASCADE,
  ADD CONSTRAINT `turno_ibfk_4` FOREIGN KEY (`idEmpleado`) REFERENCES `empleado` (`id`) ON UPDATE CASCADE,
  ADD CONSTRAINT `turno_ibfk_5` FOREIGN KEY (`tipoTurno`) REFERENCES `tipoturno` (`id`) ON UPDATE CASCADE;

/*!40101 SET CHARACTER_SET_CLIENT=@OLD_CHARACTER_SET_CLIENT */;
/*!40101 SET CHARACTER_SET_RESULTS=@OLD_CHARACTER_SET_RESULTS */;
/*!40101 SET COLLATION_CONNECTION=@OLD_COLLATION_CONNECTION */;
